Format,1.0B,
Memory Length,10000,Memory Length,10000,
IntpDistance,0,IntpDistance,0,
Trigger Address,5049,Trigger Address,5049,
Trigger Level,2.880E-01,Trigger Level,2.880E-01,
Source,CH1,Source,CH2,
Vertical Units,V,Vertical Units,V,
Vertical Units Div,0,Vertical Units Div,0,
Vertical Units Extend Div,16,Vertical Units Extend Div,16,
Label,,Label,,
Probe Type,0,Probe Type,0,
Probe Ratio,1.000e+01,Probe Ratio,1.000e+00,
Vertical Scale,1.000e-01,Vertical Scale,5.000e-02,
Vertical Position,-3.280e-01,Vertical Position,-1.640e-01,
Horizontal Units,S,Horizontal Units,S,
Horizontal Scale,2.000E-05,Horizontal Scale,2.000E-05,
Horizontal Position,-1.000E-06,Horizontal Position,-1.000E-06,
Horizontal Mode,Main,Horizontal Mode,Main,
SincET Mode,Real Time,SincET Mode,Real Time,
Sampling Period,2.000e-08,Sampling Period,2.000e-08,
Horizontal Old Scale,2.000E-05,Horizontal Old Scale,2.000E-05,
Horizontal Old Position,-1.000E-06,Horizontal Old Position,-1.000E-06,
Firmware,V1.23,Firmware,V1.23,
Mode,Fast,Mode,Fast,
Waveform Data,,Waveform Data,,
0, ,2, ,
-3, ,-1, ,
1, ,1, ,
-1, ,1, ,
1, ,1, ,
1, ,1, ,
0, ,2, ,
-1, ,-1, ,
2, ,2, ,
-1, ,1, ,
-1, ,1, ,
1, ,1, ,
0, ,2, ,
-2, ,-1, ,
1, ,2, ,
-1, ,1, ,
0, ,1, ,
1, ,1, ,
1, ,1, ,
-3, ,-1, ,
2, ,1, ,
-1, ,1, ,
0, ,1, ,
1, ,1, ,
1, ,2, ,
-2, ,-1, ,
2, ,1, ,
-1, ,1, ,
0, ,1, ,
1, ,1, ,
1, ,2, ,
-2, ,-1, ,
2, ,2, ,
-1, ,-1, ,
0, ,1, ,
1, ,1, ,
1, ,1, ,
-2, ,-1, ,
1, ,1, ,
-1, ,1, ,
0, ,1, ,
1, ,1, ,
1, ,2, ,
-1, ,-1, ,
3, ,2, ,
-1, ,-1, ,
0, ,1, ,
1, ,1, ,
1, ,1, ,
-1, ,-1, ,
3, ,2, ,
-1, ,1, ,
-1, ,1, ,
1, ,1, ,
0, ,2, ,
-2, ,-1, ,
2, ,2, ,
-1, ,1, ,
0, ,1, ,
1, ,1, ,
0, ,1, ,
-2, ,-1, ,
1, ,2, ,
-1, ,-1, ,
0, ,1, ,
1, ,1, ,
1, ,2, ,
-2, ,-1, ,
3, ,2, ,
-1, ,1, ,
0, ,1, ,
1, ,1, ,
0, ,1, ,
-1, ,-1, ,
2, ,1, ,
0, ,1, ,
0, ,1, ,
1, ,1, ,
1, ,2, ,
-2, ,-1, ,
2, ,1, ,
-2, ,1, ,
0, ,1, ,
1, ,1, ,
0, ,2, ,
-2, ,-1, ,
1, ,1, ,
-1, ,1, ,
-1, ,1, ,
1, ,1, ,
1, ,2, ,
-2, ,-1, ,
3, ,1, ,
-1, ,-1, ,
-1, ,1, ,
1, ,1, ,
1, ,1, ,
-1, ,-1, ,
1, ,1, ,
-2, ,-1, ,
-1, ,1, ,
1, ,1, ,
1, ,2, ,
-1, ,-1, ,
3, ,1, ,
-1, ,-1, ,
-1, ,1, ,
1, ,1, ,
1, ,2, ,
-2, ,-1, ,
2, ,2, ,
-2, ,1, ,
0, ,1, ,
1, ,1, ,
1, ,2, ,
-2, ,-1, ,
2, ,2, ,
-1, ,-1, ,
0, ,1, ,
1, ,1, ,
0, ,1, ,
-2, ,-1, ,
1, ,1, ,
-1, ,1, ,
-1, ,1, ,
1, ,1, ,
1, ,1, ,
-2, ,-1, ,
1, ,2, ,
-1, ,-1, ,
-1, ,1, ,
0, ,1, ,
1, ,2, ,
-1, ,-1, ,
2, ,2, ,
0, ,-1, ,
0, ,1, ,
1, ,1, ,
1, ,1, ,
-2, ,-1, ,
1, ,2, ,
-2, ,1, ,
0, ,1, ,
2, ,1, ,
1, ,1, ,
-2, ,-1, ,
2, ,1, ,
-1, ,1, ,
-1, ,1, ,
1, ,1, ,
1, ,2, ,
-2, ,-1, ,
1, ,2, ,
-1, ,1, ,
0, ,1, ,
1, ,1, ,
1, ,1, ,
-2, ,-2, ,
2, ,2, ,
-1, ,-1, ,
0, ,1, ,
1, ,1, ,
1, ,1, ,
-2, ,-1, ,
2, ,2, ,
-1, ,-1, ,
0, ,-1, ,
1, ,1, ,
0, ,2, ,
-2, ,-1, ,
2, ,2, ,
-1, ,-1, ,
0, ,1, ,
1, ,1, ,
1, ,1, ,
-2, ,-1, ,
2, ,2, ,
-1, ,-1, ,
1, ,1, ,
1, ,1, ,
1, ,1, ,
-2, ,-1, ,
2, ,1, ,
-1, ,-1, ,
0, ,1, ,
1, ,1, ,
1, ,2, ,
-1, ,-1, ,
2, ,2, ,
-2, ,-1, ,
-1, ,1, ,
1, ,1, ,
1, ,1, ,
-2, ,-1, ,
2, ,2, ,
0, ,1, ,
0, ,1, ,
1, ,1, ,
1, ,1, ,
-2, ,-1, ,
2, ,2, ,
-1, ,1, ,
0, ,1, ,
1, ,1, ,
1, ,2, ,
-2, ,-1, ,
2, ,1, ,
-1, ,-1, ,
0, ,1, ,
1, ,1, ,
1, ,1, ,
-3, ,-1, ,
1, ,2, ,
-1, ,-1, ,
1, ,1, ,
1, ,1, ,
1, ,1, ,
-2, ,-1, ,
3, ,2, ,
-1, ,-1, ,
0, ,1, ,
1, ,1, ,
2, ,2, ,
-2, ,-1, ,
2, ,2, ,
-2, ,-1, ,
0, ,1, ,
0, ,1, ,
-1, ,1, ,
-2, ,-1, ,
0, ,1, ,
-2, ,-1, ,
0, ,1, ,
2, ,1, ,
2, ,1, ,
0, ,-1, ,
2, ,2, ,
-1, ,-1, ,
0, ,1, ,
1, ,1, ,
0, ,1, ,
-2, ,-2, ,
1, ,1, ,
-3, ,-1, ,
-1, ,1, ,
1, ,1, ,
1, ,1, ,
-1, ,-1, ,
1, ,1, ,
-2, ,-1, ,
0, ,1, ,
0, ,1, ,
0, ,2, ,
-2, ,-1, ,
2, ,1, ,
0, ,-1, ,
0, ,1, ,
1, ,1, ,
1, ,1, ,
-2, ,-1, ,
2, ,2, ,
-1, ,-1, ,
0, ,1, ,
0, ,1, ,
1, ,1, ,
-2, ,-1, ,
2, ,1, ,
-1, ,-1, ,
0, ,1, ,
1, ,1, ,
1, ,1, ,
-2, ,-1, ,
2, ,1, ,
-1, ,1, ,
1, ,1, ,
1, ,1, ,
1, ,1, ,
-2, ,-2, ,
2, ,1, ,
-1, ,-1, ,
0, ,-1, ,
2, ,1, ,
2, ,1, ,
-2, ,-1, ,
2, ,1, ,
-2, ,-1, ,
0, ,1, ,
1, ,1, ,
0, ,2, ,
-2, ,-1, ,
2, ,1, ,
-1, ,-1, ,
0, ,1, ,
1, ,1, ,
1, ,1, ,
-2, ,-1, ,
2, ,1, ,
0, ,-1, ,
1, ,1, ,
2, ,1, ,
1, ,1, ,
-2, ,-1, ,
2, ,1, ,
-1, ,-1, ,
0, ,1, ,
1, ,1, ,
2, ,1, ,
-1, ,-1, ,
2, ,1, ,
-2, ,-1, ,
0, ,1, ,
1, ,1, ,
1, ,2, ,
-1, ,-1, ,
2, ,1, ,
-1, ,-1, ,
-1, ,1, ,
1, ,1, ,
1, ,1, ,
-2, ,-1, ,
3, ,1, ,
-1, ,-1, ,
0, ,-1, ,
1, ,1, ,
1, ,1, ,
-2, ,-1, ,
2, ,2, ,
-1, ,-1, ,
0, ,1, ,
1, ,1, ,
1, ,1, ,
-2, ,-1, ,
2, ,2, ,
-1, ,-1, ,
1, ,1, ,
1, ,1, ,
1, ,1, ,
-1, ,-1, ,
2, ,1, ,
-1, ,1, ,
0, ,1, ,
1, ,1, ,
2, ,2, ,
-3, ,-1, ,
3, ,2, ,
-1, ,-1, ,
0, ,1, ,
1, ,1, ,
2, ,1, ,
0, ,-1, ,
1, ,2, ,
-1, ,-1, ,
0, ,1, ,
1, ,1, ,
0, ,1, ,
-1, ,-1, ,
2, ,1, ,
-1, ,-1, ,
1, ,1, ,
1, ,1, ,
2, ,1, ,
-2, ,-1, ,
2, ,1, ,
-2, ,-1, ,
-1, ,1, ,
1, ,1, ,
2, ,1, ,
-2, ,-1, ,
1, ,1, ,
-2, ,-1, ,
0, ,1, ,
0, ,1, ,
0, ,1, ,
-2, ,-2, ,
1, ,1, ,
-1, ,-1, ,
0, ,1, ,
1, ,-1, ,
1, ,1, ,
-2, ,-1, ,
2, ,1, ,
-1, ,-1, ,
0, ,-1, ,
0, ,1, ,
1, ,1, ,
-1, ,-2, ,
1, ,1, ,
-2, ,-1, ,
-1, ,-1, ,
0, ,1, ,
0, ,1, ,
-2, ,-1, ,
2, ,2, ,
-2, ,-1, ,
1, ,1, ,
0, ,1, ,
0, ,1, ,
-3, ,-1, ,
2, ,2, ,
-1, ,-1, ,
-1, ,1, ,
1, ,1, ,
1, ,1, ,
-1, ,-2, ,
1, ,1, ,
-2, ,-1, ,
0, ,1, ,
0, ,1, ,
1, ,1, ,
-2, ,-1, ,
2, ,1, ,
-1, ,-1, ,
-1, ,1, ,
1, ,1, ,
0, ,1, ,
-2, ,-2, ,
2, ,1, ,
-1, ,-1, ,
0, ,1, ,
2, ,1, ,
0, ,1, ,
-3, ,-1, ,
2, ,1, ,
-1, ,-1, ,
-1, ,1, ,
1, ,1, ,
1, ,1, ,
-1, ,-1, ,
3, ,1, ,
-1, ,-1, ,
0, ,1, ,
1, ,1, ,
1, ,1, ,
-2, ,-1, ,
3, ,1, ,
-1, ,-1, ,
0, ,1, ,
1, ,1, ,
1, ,1, ,
-2, ,-1, ,
2, ,2, ,
-1, ,-1, ,
0, ,-1, ,
1, ,-1, ,
1, ,1, ,
-1, ,-2, ,
2, ,1, ,
-1, ,-1, ,
0, ,1, ,
2, ,1, ,
1, ,1, ,
-2, ,-1, ,
3, ,2, ,
0, ,-1, ,
0, ,1, ,
1, ,1, ,
1, ,1, ,
-2, ,-1, ,
2, ,1, ,
-1, ,-1, ,
0, ,1, ,
1, ,1, ,
1, ,1, ,
-2, ,-1, ,
2, ,2, ,
-1, ,-1, ,
0, ,1, ,
1, ,1, ,
0, ,2, ,
-1, ,-1, ,
2, ,1, ,
-1, ,-1, ,
-1, ,1, ,
1, ,1, ,
0, ,1, ,
-2, ,-1, ,
2, ,1, ,
-1, ,-1, ,
0, ,1, ,
0, ,1, ,
-1, ,1, ,
-3, ,-1, ,
1, ,1, ,
-2, ,-1, ,
0, ,1, ,
1, ,1, ,
1, ,1, ,
-2, ,-1, ,
1, ,2, ,
-2, ,-1, ,
-1, ,-1, ,
1, ,-1, ,
0, ,1, ,
-2, ,-2, ,
2, ,1, ,
-2, ,-1, ,
0, ,1, ,
2, ,1, ,
0, ,1, ,
-3, ,-2, ,
1, ,1, ,
-2, ,-1, ,
0, ,1, ,
1, ,1, ,
1, ,1, ,
-2, ,-1, ,
3, ,1, ,
-2, ,-1, ,
-1, ,1, ,
1, ,1, ,
0, ,1, ,
-2, ,-1, ,
1, ,1, ,
-1, ,-1, ,
0, ,1, ,
1, ,1, ,
1, ,1, ,
-2, ,-1, ,
1, ,1, ,
-2, ,-1, ,
-1, ,1, ,
1, ,1, ,
1, ,1, ,
-2, ,-2, ,
2, ,1, ,
-1, ,-1, ,
-1, ,1, ,
0, ,1, ,
0, ,1, ,
-2, ,-1, ,
2, ,1, ,
-1, ,-1, ,
-1, ,1, ,
0, ,1, ,
0, ,1, ,
-2, ,-1, ,
2, ,2, ,
-1, ,-1, ,
1, ,-1, ,
2, ,1, ,
2, ,1, ,
-2, ,-2, ,
2, ,1, ,
-1, ,-1, ,
1, ,1, ,
0, ,-1, ,
1, ,1, ,
-2, ,-1, ,
2, ,1, ,
-1, ,-1, ,
0, ,-1, ,
1, ,1, ,
1, ,1, ,
-2, ,-1, ,
1, ,1, ,
-1, ,-1, ,
1, ,1, ,
1, ,1, ,
1, ,1, ,
-2, ,-1, ,
2, ,1, ,
-1, ,-1, ,
0, ,1, ,
1, ,1, ,
1, ,1, ,
0, ,-2, ,
2, ,2, ,
-1, ,-1, ,
0, ,-1, ,
1, ,1, ,
1, ,1, ,
-2, ,-1, ,
2, ,1, ,
-1, ,-1, ,
1, ,1, ,
1, ,1, ,
2, ,1, ,
-2, ,-1, ,
1, ,2, ,
-1, ,-1, ,
0, ,1, ,
1, ,1, ,
1, ,1, ,
-1, ,-1, ,
2, ,1, ,
-2, ,-1, ,
-1, ,1, ,
1, ,1, ,
0, ,1, ,
-2, ,-2, ,
3, ,1, ,
-1, ,-1, ,
-1, ,-1, ,
1, ,-1, ,
1, ,1, ,
-2, ,-1, ,
1, ,93, ,
-1, ,59, ,
1, ,39, ,
1, ,25, ,
1, ,15, ,
-2, ,10, ,
2, ,7, ,
-1, ,5, ,
-1, ,5, ,
1, ,3, ,
0, ,3, ,
-2, ,2, ,
2, ,3, ,
-1, ,2, ,
1, ,3, ,
0, ,3, ,
1, ,3, ,
-2, ,1, ,
2, ,3, ,
-1, ,2, ,
-1, ,2, ,
1, ,2, ,
0, ,2, ,
-2, ,1, ,
1, ,2, ,
-2, ,2, ,
0, ,2, ,
0, ,2, ,
0, ,2, ,
-1, ,1, ,
1, ,2, ,
-2, ,2, ,
0, ,2, ,
1, ,2, ,
0, ,3, ,
-2, ,1, ,
2, ,3, ,
-1, ,2, ,
0, ,2, ,
1, ,2, ,
0, ,2, ,
-2, ,1, ,
1, ,3, ,
-1, ,2, ,
0, ,2, ,
1, ,2, ,
2, ,2, ,
-2, ,1, ,
1, ,2, ,
-2, ,2, ,
0, ,2, ,
1, ,2, ,
1, ,2, ,
-2, ,1, ,
2, ,2, ,
-1, ,1, ,
-1, ,2, ,
0, ,2, ,
0, ,2, ,
-1, ,1, ,
2, ,3, ,
-1, ,2, ,
1, ,2, ,
1, ,2, ,
1, ,2, ,
-2, ,1, ,
3, ,3, ,
-1, ,1, ,
0, ,2, ,
1, ,2, ,
1, ,2, ,
-2, ,1, ,
2, ,3, ,
0, ,1, ,
0, ,2, ,
0, ,2, ,
0, ,2, ,
-2, ,1, ,
2, ,2, ,
-1, ,1, ,
0, ,3, ,
1, ,2, ,
1, ,2, ,
-2, ,1, ,
2, ,3, ,
-1, ,2, ,
0, ,2, ,
1, ,2, ,
1, ,2, ,
0, ,1, ,
2, ,3, ,
-1, ,1, ,
0, ,2, ,
1, ,2, ,
1, ,2, ,
-3, ,1, ,
2, ,2, ,
0, ,1, ,
1, ,2, ,
0, ,2, ,
0, ,2, ,
-2, ,1, ,
2, ,2, ,
-1, ,1, ,
1, ,2, ,
1, ,2, ,
2, ,2, ,
-2, ,1, ,
3, ,3, ,
-1, ,1, ,
0, ,2, ,
1, ,2, ,
1, ,2, ,
-2, ,1, ,
2, ,2, ,
-1, ,1, ,
0, ,2, ,
1, ,2, ,
1, ,2, ,
-2, ,1, ,
2, ,2, ,
-1, ,1, ,
0, ,2, ,
0, ,2, ,
1, ,2, ,
-2, ,1, ,
3, ,2, ,
-1, ,1, ,
1, ,2, ,
0, ,2, ,
1, ,2, ,
-2, ,1, ,
1, ,2, ,
-1, ,1, ,
0, ,2, ,
0, ,2, ,
0, ,2, ,
-2, ,1, ,
2, ,2, ,
-1, ,1, ,
0, ,2, ,
1, ,2, ,
1, ,2, ,
-2, ,1, ,
1, ,2, ,
-1, ,1, ,
0, ,1, ,
-1, ,2, ,
1, ,2, ,
-1, ,1, ,
2, ,2, ,
-2, ,1, ,
0, ,2, ,
0, ,2, ,
1, ,2, ,
-2, ,1, ,
1, ,2, ,
-1, ,1, ,
1, ,2, ,
1, ,1, ,
0, ,2, ,
-2, ,-1, ,
2, ,2, ,
-1, ,1, ,
-1, ,2, ,
1, ,2, ,
0, ,2, ,
-2, ,1, ,
1, ,3, ,
-2, ,1, ,
-1, ,2, ,
1, ,1, ,
1, ,2, ,
-2, ,1, ,
2, ,2, ,
-1, ,1, ,
-1, ,2, ,
1, ,2, ,
1, ,2, ,
-1, ,1, ,
2, ,2, ,
-2, ,1, ,
0, ,2, ,
1, ,2, ,
0, ,2, ,
-1, ,1, ,
2, ,2, ,
-1, ,1, ,
0, ,2, ,
1, ,1, ,
2, ,2, ,
-1, ,-1, ,
2, ,2, ,
-1, ,1, ,
0, ,1, ,
1, ,1, ,
1, ,2, ,
-2, ,1, ,
1, ,2, ,
-2, ,1, ,
1, ,2, ,
1, ,1, ,
2, ,2, ,
-2, ,-1, ,
1, ,2, ,
-1, ,1, ,
0, ,2, ,
1, ,2, ,
0, ,2, ,
-1, ,-1, ,
3, ,2, ,
-1, ,1, ,
-1, ,1, ,
1, ,2, ,
1, ,1, ,
-1, ,-1, ,
3, ,2, ,
-1, ,1, ,
1, ,2, ,
1, ,2, ,
2, ,2, ,
-2, ,-1, ,
1, ,1, ,
-1, ,1, ,
1, ,1, ,
1, ,2, ,
1, ,2, ,
-2, ,-1, ,
2, ,2, ,
-1, ,1, ,
0, ,2, ,
2, ,1, ,
2, ,2, ,
-1, ,1, ,
2, ,2, ,
0, ,1, ,
0, ,1, ,
0, ,1, ,
1, ,2, ,
-2, ,-1, ,
2, ,2, ,
-2, ,1, ,
-1, ,2, ,
1, ,1, ,
1, ,2, ,
-2, ,-1, ,
1, ,2, ,
-1, ,1, ,
-1, ,2, ,
1, ,1, ,
1, ,2, ,
-2, ,1, ,
2, ,2, ,
-1, ,1, ,
0, ,1, ,
0, ,1, ,
0, ,2, ,
-2, ,1, ,
2, ,2, ,
-1, ,1, ,
-1, ,1, ,
1, ,1, ,
1, ,2, ,
-2, ,-1, ,
1, ,2, ,
-2, ,1, ,
1, ,1, ,
0, ,1, ,
1, ,2, ,
-1, ,1, ,
1, ,2, ,
-1, ,1, ,
-1, ,1, ,
0, ,2, ,
0, ,2, ,
-2, ,-1, ,
2, ,2, ,
-1, ,1, ,
0, ,1, ,
1, ,1, ,
0, ,2, ,
-2, ,-1, ,
2, ,2, ,
-1, ,1, ,
0, ,1, ,
1, ,2, ,
2, ,2, ,
-2, ,-1, ,
1, ,2, ,
-1, ,1, ,
0, ,2, ,
1, ,2, ,
0, ,2, ,
-2, ,-1, ,
1, ,2, ,
-1, ,1, ,
0, ,1, ,
0, ,1, ,
1, ,1, ,
-1, ,-1, ,
1, ,2, ,
-2, ,1, ,
1, ,1, ,
1, ,1, ,
1, ,2, ,
-2, ,-1, ,
1, ,2, ,
-1, ,1, ,
0, ,1, ,
1, ,1, ,
1, ,2, ,
-2, ,-1, ,
2, ,2, ,
0, ,1, ,
0, ,1, ,
0, ,1, ,
1, ,2, ,
-2, ,-1, ,
1, ,2, ,
-1, ,1, ,
0, ,2, ,
1, ,1, ,
1, ,2, ,
-2, ,-1, ,
1, ,2, ,
-2, ,1, ,
1, ,1, ,
1, ,1, ,
2, ,2, ,
-1, ,-1, ,
2, ,2, ,
-1, ,1, ,
-1, ,1, ,
1, ,1, ,
1, ,2, ,
-2, ,-1, ,
1, ,1, ,
-1, ,1, ,
1, ,1, ,
0, ,1, ,
1, ,2, ,
-2, ,-1, ,
2, ,2, ,
-1, ,1, ,
0, ,1, ,
1, ,1, ,
1, ,2, ,
-2, ,-1, ,
2, ,1, ,
-1, ,-1, ,
0, ,1, ,
0, ,1, ,
0, ,2, ,
-2, ,-1, ,
2, ,2, ,
-1, ,1, ,
0, ,1, ,
1, ,1, ,
2, ,1, ,
-1, ,-1, ,
2, ,1, ,
-1, ,1, ,
1, ,1, ,
1, ,1, ,
1, ,2, ,
-2, ,-1, ,
1, ,2, ,
-1, ,-1, ,
0, ,1, ,
0, ,1, ,
1, ,2, ,
-2, ,-1, ,
1, ,1, ,
-1, ,-1, ,
0, ,1, ,
1, ,1, ,
0, ,2, ,
-2, ,-1, ,
2, ,2, ,
0, ,1, ,
0, ,1, ,
0, ,1, ,
1, ,2, ,
-2, ,-1, ,
1, ,2, ,
-2, ,1, ,
-1, ,1, ,
1, ,1, ,
0, ,1, ,
-2, ,-1, ,
2, ,2, ,
-2, ,1, ,
-1, ,1, ,
1, ,1, ,
1, ,1, ,
-1, ,-1, ,
3, ,2, ,
-1, ,1, ,
-1, ,1, ,
1, ,1, ,
1, ,2, ,
-1, ,-1, ,
1, ,2, ,
-1, ,1, ,
-1, ,1, ,
0, ,1, ,
1, ,2, ,
-2, ,-1, ,
2, ,1, ,
-1, ,1, ,
0, ,1, ,
0, ,1, ,
0, ,2, ,
-1, ,-1, ,
1, ,1, ,
-1, ,1, ,
0, ,1, ,
0, ,1, ,
1, ,1, ,
-1, ,-1, ,
1, ,2, ,
-1, ,1, ,
0, ,1, ,
1, ,1, ,
1, ,2, ,
-1, ,-1, ,
3, ,2, ,
-1, ,1, ,
0, ,1, ,
1, ,1, ,
1, ,1, ,
-2, ,-1, ,
2, ,2, ,
-1, ,1, ,
0, ,1, ,
1, ,1, ,
0, ,1, ,
-2, ,-1, ,
2, ,2, ,
-1, ,1, ,
0, ,1, ,
1, ,1, ,
1, ,1, ,
-2, ,-1, ,
2, ,2, ,
-2, ,-1, ,
1, ,1, ,
1, ,1, ,
2, ,2, ,
-1, ,-1, ,
1, ,2, ,
-2, ,1, ,
0, ,1, ,
1, ,1, ,
1, ,1, ,
-1, ,-1, ,
2, ,2, ,
-1, ,-1, ,
0, ,1, ,
2, ,1, ,
1, ,1, ,
-3, ,-1, ,
2, ,1, ,
-1, ,-1, ,
-1, ,1, ,
1, ,1, ,
2, ,2, ,
-1, ,-1, ,
2, ,2, ,
-1, ,-1, ,
0, ,1, ,
1, ,1, ,
0, ,2, ,
-3, ,-1, ,
2, ,2, ,
0, ,1, ,
0, ,1, ,
1, ,1, ,
1, ,1, ,
-2, ,-1, ,
1, ,2, ,
-1, ,-1, ,
0, ,1, ,
1, ,1, ,
1, ,1, ,
-2, ,-1, ,
2, ,1, ,
-2, ,1, ,
-1, ,1, ,
1, ,1, ,
1, ,1, ,
-2, ,-1, ,
2, ,1, ,
-1, ,1, ,
0, ,1, ,
1, ,1, ,
1, ,1, ,
-2, ,-1, ,
1, ,1, ,
-1, ,-1, ,
0, ,1, ,
1, ,1, ,
0, ,1, ,
-2, ,-1, ,
2, ,1, ,
-1, ,-1, ,
0, ,1, ,
1, ,1, ,
1, ,1, ,
-2, ,-1, ,
2, ,2, ,
-2, ,1, ,
0, ,1, ,
1, ,1, ,
1, ,2, ,
-1, ,-1, ,
1, ,1, ,
-1, ,-1, ,
0, ,1, ,
1, ,1, ,
1, ,2, ,
-2, ,-1, ,
2, ,2, ,
-1, ,1, ,
0, ,1, ,
0, ,1, ,
1, ,2, ,
-2, ,-1, ,
1, ,1, ,
-2, ,-1, ,
-1, ,1, ,
1, ,1, ,
0, ,1, ,
-1, ,-1, ,
2, ,2, ,
-2, ,-1, ,
0, ,1, ,
1, ,1, ,
1, ,2, ,
-2, ,-1, ,
1, ,1, ,
-1, ,1, ,
-1, ,1, ,
1, ,1, ,
1, ,1, ,
-2, ,-1, ,
2, ,2, ,
-2, ,-1, ,
0, ,1, ,
0, ,1, ,
1, ,1, ,
-1, ,-1, ,
2, ,1, ,
-1, ,-1, ,
0, ,1, ,
0, ,1, ,
0, ,2, ,
-2, ,-1, ,
2, ,1, ,
0, ,1, ,
1, ,1, ,
1, ,1, ,
2, ,2, ,
-2, ,-1, ,
1, ,1, ,
-2, ,-1, ,
0, ,1, ,
1, ,1, ,
1, ,2, ,
-2, ,-1, ,
1, ,1, ,
-1, ,-1, ,
-1, ,1, ,
1, ,1, ,
1, ,1, ,
-2, ,-1, ,
2, ,1, ,
-1, ,-1, ,
1, ,1, ,
1, ,1, ,
1, ,1, ,
-2, ,-1, ,
3, ,1, ,
-1, ,-1, ,
1, ,1, ,
1, ,1, ,
2, ,1, ,
-1, ,-1, ,
1, ,1, ,
-1, ,-1, ,
0, ,1, ,
1, ,1, ,
1, ,2, ,
-1, ,-1, ,
3, ,1, ,
-1, ,-1, ,
0, ,1, ,
1, ,1, ,
1, ,2, ,
-2, ,-1, ,
2, ,2, ,
-1, ,-1, ,
1, ,1, ,
1, ,1, ,
1, ,1, ,
-1, ,-1, ,
1, ,2, ,
-1, ,-1, ,
0, ,1, ,
0, ,1, ,
1, ,1, ,
-1, ,-1, ,
3, ,1, ,
-1, ,-1, ,
-1, ,1, ,
-1, ,1, ,
-1, ,1, ,
-3, ,-1, ,
1, ,2, ,
-1, ,-1, ,
2, ,1, ,
2, ,1, ,
2, ,1, ,
-1, ,-1, ,
2, ,1, ,
-1, ,-1, ,
0, ,1, ,
1, ,1, ,
1, ,1, ,
-1, ,-1, ,
2, ,2, ,
-2, ,-1, ,
0, ,1, ,
1, ,1, ,
1, ,2, ,
-2, ,-1, ,
2, ,2, ,
-1, ,-1, ,
0, ,1, ,
0, ,1, ,
1, ,1, ,
-3, ,-1, ,
3, ,1, ,
-1, ,1, ,
0, ,1, ,
0, ,1, ,
0, ,2, ,
-2, ,-1, ,
2, ,2, ,
0, ,-1, ,
0, ,1, ,
-1, ,1, ,
0, ,2, ,
-1, ,-1, ,
2, ,1, ,
-1, ,-1, ,
-1, ,1, ,
1, ,1, ,
2, ,2, ,
-2, ,-1, ,
1, ,1, ,
-1, ,-1, ,
1, ,1, ,
1, ,1, ,
1, ,1, ,
-1, ,-1, ,
2, ,1, ,
-2, ,-1, ,
-1, ,1, ,
1, ,1, ,
1, ,1, ,
-1, ,-1, ,
2, ,1, ,
-1, ,-1, ,
0, ,1, ,
0, ,1, ,
0, ,1, ,
-1, ,-1, ,
2, ,1, ,
0, ,-1, ,
1, ,1, ,
1, ,1, ,
1, ,1, ,
-2, ,-1, ,
1, ,1, ,
-1, ,-1, ,
-1, ,1, ,
1, ,1, ,
1, ,2, ,
-2, ,-1, ,
2, ,1, ,
-1, ,-1, ,
0, ,1, ,
1, ,1, ,
1, ,1, ,
-2, ,-1, ,
2, ,1, ,
0, ,-1, ,
1, ,1, ,
2, ,1, ,
1, ,1, ,
-2, ,-1, ,
2, ,1, ,
-2, ,-1, ,
-1, ,1, ,
1, ,1, ,
1, ,1, ,
-2, ,-1, ,
2, ,1, ,
-1, ,-1, ,
1, ,1, ,
1, ,1, ,
0, ,1, ,
-1, ,-2, ,
2, ,1, ,
-1, ,-1, ,
0, ,1, ,
1, ,1, ,
1, ,1, ,
-2, ,-1, ,
1, ,1, ,
-1, ,-1, ,
1, ,1, ,
1, ,1, ,
1, ,1, ,
-1, ,-1, ,
2, ,1, ,
-1, ,-1, ,
0, ,1, ,
0, ,1, ,
1, ,1, ,
-2, ,74, ,
3, ,48, ,
0, ,30, ,
-1, ,20, ,
1, ,13, ,
1, ,10, ,
-1, ,5, ,
1, ,5, ,
0, ,3, ,
0, ,3, ,
0, ,3, ,
0, ,3, ,
-2, ,1, ,
0, ,3, ,
-2, ,2, ,
0, ,3, ,
1, ,3, ,
0, ,3, ,
-2, ,1, ,
2, ,3, ,
-1, ,2, ,
0, ,2, ,
1, ,2, ,
0, ,3, ,
-1, ,1, ,
1, ,3, ,
-1, ,2, ,
-1, ,2, ,
1, ,2, ,
0, ,3, ,
-2, ,1, ,
2, ,3, ,
-1, ,2, ,
0, ,3, ,
0, ,2, ,
1, ,3, ,
-1, ,1, ,
1, ,3, ,
-1, ,2, ,
0, ,2, ,
1, ,2, ,
-1, ,2, ,
-3, ,1, ,
2, ,3, ,
-1, ,2, ,
0, ,2, ,
0, ,2, ,
0, ,3, ,
-2, ,1, ,
1, ,3, ,
-1, ,1, ,
1, ,2, ,
1, ,2, ,
0, ,3, ,
-2, ,1, ,
2, ,3, ,
-2, ,2, ,
-1, ,2, ,
1, ,2, ,
2, ,2, ,
-1, ,1, ,
1, ,3, ,
-1, ,2, ,
-1, ,2, ,
0, ,2, ,
0, ,3, ,
-2, ,1, ,
2, ,3, ,
-1, ,2, ,
0, ,2, ,
0, ,2, ,
1, ,2, ,
-2, ,1, ,
1, ,2, ,
-1, ,1, ,
1, ,2, ,
1, ,2, ,
1, ,3, ,
-1, ,1, ,
1, ,2, ,
-1, ,2, ,
0, ,2, ,
1, ,2, ,
1, ,2, ,
-1, ,1, ,
2, ,2, ,
-1, ,1, ,
0, ,2, ,
1, ,2, ,
1, ,3, ,
-1, ,1, ,
2, ,2, ,
-1, ,1, ,
-1, ,2, ,
1, ,2, ,
1, ,2, ,
-1, ,1, ,
2, ,2, ,
-1, ,1, ,
1, ,2, ,
1, ,2, ,
0, ,2, ,
-2, ,1, ,
3, ,2, ,
-1, ,1, ,
0, ,2, ,
1, ,2, ,
1, ,3, ,
-2, ,1, ,
1, ,2, ,
-1, ,1, ,
1, ,2, ,
1, ,2, ,
1, ,2, ,
-2, ,1, ,
2, ,2, ,
-1, ,1, ,
0, ,2, ,
1, ,2, ,
1, ,2, ,
-2, ,1, ,
1, ,2, ,
-2, ,1, ,
0, ,2, ,
0, ,2, ,
0, ,2, ,
-2, ,1, ,
2, ,2, ,
-1, ,1, ,
0, ,2, ,
1, ,2, ,
1, ,2, ,
-2, ,1, ,
2, ,2, ,
-2, ,1, ,
0, ,2, ,
1, ,2, ,
0, ,2, ,
-2, ,1, ,
1, ,2, ,
-2, ,1, ,
0, ,2, ,
1, ,2, ,
0, ,2, ,
-3, ,1, ,
1, ,2, ,
-1, ,1, ,
0, ,2, ,
1, ,2, ,
1, ,2, ,
-2, ,1, ,
2, ,2, ,
-2, ,1, ,
-2, ,2, ,
-1, ,2, ,
1, ,2, ,
-2, ,1, ,
2, ,3, ,
-1, ,1, ,
-1, ,2, ,
0, ,2, ,
0, ,2, ,
-2, ,-1, ,
3, ,2, ,
-1, ,1, ,
0, ,1, ,
1, ,1, ,
1, ,2, ,
-2, ,1, ,
1, ,2, ,
-1, ,1, ,
0, ,1, ,
0, ,1, ,
0, ,2, ,
-2, ,1, ,
2, ,2, ,
-2, ,1, ,
0, ,2, ,
1, ,2, ,
1, ,2, ,
-1, ,1, ,
1, ,2, ,
-1, ,1, ,
0, ,2, ,
0, ,1, ,
0, ,2, ,
100, ,1, ,
91, ,2, ,
57, ,1, ,
39, ,1, ,
28, ,1, ,
20, ,2, ,
14, ,1, ,
13, ,2, ,
10, ,1, ,
10, ,2, ,
10, ,1, ,
9, ,2, ,
7, ,1, ,
9, ,2, ,
8, ,1, ,
7, ,1, ,
8, ,1, ,
8, ,2, ,
6, ,1, ,
9, ,2, ,
7, ,1, ,
8, ,2, ,
8, ,1, ,
7, ,2, ,
5, ,1, ,
8, ,2, ,
5, ,1, ,
7, ,1, ,
8, ,1, ,
9, ,2, ,
6, ,1, ,
10, ,2, ,
6, ,1, ,
6, ,1, ,
7, ,1, ,
7, ,2, ,
6, ,1, ,
8, ,2, ,
6, ,1, ,
6, ,2, ,
7, ,1, ,
7, ,2, ,
4, ,-1, ,
7, ,2, ,
6, ,1, ,
6, ,1, ,
8, ,2, ,
7, ,2, ,
4, ,-1, ,
8, ,2, ,
5, ,1, ,
6, ,1, ,
6, ,1, ,
7, ,2, ,
5, ,1, ,
6, ,2, ,
5, ,1, ,
6, ,1, ,
7, ,1, ,
6, ,2, ,
5, ,-1, ,
7, ,2, ,
6, ,1, ,
5, ,1, ,
6, ,1, ,
6, ,2, ,
4, ,1, ,
7, ,2, ,
4, ,1, ,
5, ,1, ,
5, ,1, ,
5, ,2, ,
3, ,1, ,
7, ,2, ,
4, ,1, ,
4, ,2, ,
6, ,1, ,
5, ,2, ,
3, ,-1, ,
6, ,2, ,
4, ,1, ,
5, ,1, ,
6, ,1, ,
5, ,2, ,
3, ,-1, ,
7, ,2, ,
4, ,1, ,
4, ,1, ,
6, ,1, ,
5, ,2, ,
3, ,-1, ,
7, ,2, ,
5, ,1, ,
4, ,1, ,
4, ,1, ,
5, ,2, ,
2, ,-1, ,
7, ,2, ,
4, ,1, ,
4, ,2, ,
6, ,2, ,
5, ,2, ,
2, ,-1, ,
5, ,1, ,
3, ,1, ,
4, ,1, ,
4, ,1, ,
4, ,2, ,
2, ,-1, ,
5, ,2, ,
3, ,1, ,
4, ,1, ,
4, ,1, ,
4, ,2, ,
2, ,-1, ,
5, ,2, ,
3, ,1, ,
4, ,1, ,
4, ,1, ,
4, ,2, ,
2, ,-1, ,
4, ,2, ,
3, ,1, ,
3, ,1, ,
4, ,2, ,
4, ,2, ,
1, ,1, ,
5, ,2, ,
3, ,1, ,
4, ,1, ,
4, ,1, ,
3, ,2, ,
2, ,-1, ,
5, ,2, ,
3, ,1, ,
4, ,1, ,
4, ,1, ,
4, ,1, ,
2, ,-1, ,
5, ,2, ,
3, ,1, ,
5, ,1, ,
4, ,2, ,
4, ,2, ,
2, ,-1, ,
4, ,1, ,
2, ,1, ,
3, ,1, ,
4, ,1, ,
4, ,2, ,
1, ,-1, ,
4, ,2, ,
3, ,-1, ,
3, ,1, ,
3, ,1, ,
4, ,2, ,
2, ,-1, ,
5, ,2, ,
3, ,2, ,
3, ,1, ,
4, ,1, ,
3, ,1, ,
1, ,-1, ,
5, ,2, ,
2, ,1, ,
4, ,1, ,
3, ,1, ,
3, ,2, ,
1, ,-1, ,
4, ,2, ,
2, ,1, ,
3, ,1, ,
3, ,2, ,
4, ,1, ,
1, ,-1, ,
6, ,2, ,
2, ,1, ,
2, ,1, ,
4, ,1, ,
2, ,2, ,
0, ,-1, ,
5, ,1, ,
1, ,-1, ,
2, ,1, ,
3, ,1, ,
3, ,1, ,
1, ,-1, ,
4, ,2, ,
1, ,1, ,
2, ,1, ,
3, ,1, ,
2, ,2, ,
0, ,-1, ,
5, ,2, ,
2, ,1, ,
3, ,1, ,
2, ,1, ,
2, ,2, ,
0, ,-1, ,
3, ,2, ,
1, ,1, ,
3, ,1, ,
3, ,1, ,
3, ,2, ,
0, ,-1, ,
3, ,2, ,
0, ,-1, ,
2, ,1, ,
3, ,1, ,
3, ,2, ,
0, ,-1, ,
3, ,2, ,
2, ,1, ,
2, ,1, ,
2, ,1, ,
2, ,2, ,
0, ,-1, ,
2, ,2, ,
1, ,1, ,
2, ,1, ,
3, ,1, ,
2, ,1, ,
-1, ,-1, ,
2, ,2, ,
1, ,1, ,
2, ,1, ,
3, ,1, ,
2, ,2, ,
-1, ,-1, ,
3, ,1, ,
0, ,1, ,
2, ,1, ,
2, ,1, ,
2, ,1, ,
-1, ,-1, ,
3, ,2, ,
0, ,1, ,
1, ,1, ,
2, ,1, ,
1, ,1, ,
0, ,-1, ,
4, ,2, ,
0, ,1, ,
2, ,1, ,
2, ,1, ,
2, ,2, ,
0, ,-1, ,
2, ,2, ,
0, ,1, ,
2, ,1, ,
2, ,1, ,
2, ,2, ,
0, ,-1, ,
4, ,2, ,
1, ,1, ,
1, ,1, ,
2, ,1, ,
1, ,1, ,
-1, ,-1, ,
3, ,1, ,
0, ,1, ,
3, ,1, ,
2, ,1, ,
2, ,2, ,
0, ,-1, ,
3, ,1, ,
0, ,1, ,
1, ,1, ,
2, ,1, ,
2, ,2, ,
-1, ,-1, ,
3, ,1, ,
1, ,1, ,
1, ,1, ,
1, ,1, ,
2, ,1, ,
-1, ,-1, ,
2, ,2, ,
0, ,1, ,
1, ,1, ,
1, ,1, ,
1, ,2, ,
-1, ,-1, ,
2, ,2, ,
1, ,-1, ,
2, ,1, ,
2, ,1, ,
2, ,2, ,
-1, ,-1, ,
4, ,2, ,
0, ,1, ,
1, ,1, ,
3, ,1, ,
2, ,2, ,
0, ,-1, ,
2, ,2, ,
0, ,-1, ,
1, ,1, ,
1, ,1, ,
2, ,1, ,
0, ,-1, ,
2, ,1, ,
0, ,-1, ,
2, ,1, ,
2, ,1, ,
2, ,1, ,
-1, ,-1, ,
3, ,1, ,
-1, ,-1, ,
0, ,1, ,
2, ,1, ,
2, ,1, ,
-1, ,-1, ,
2, ,1, ,
0, ,1, ,
1, ,1, ,
1, ,1, ,
2, ,1, ,
-1, ,-1, ,
4, ,1, ,
0, ,-1, ,
1, ,1, ,
1, ,1, ,
1, ,1, ,
-1, ,-1, ,
3, ,1, ,
-1, ,1, ,
0, ,1, ,
2, ,1, ,
2, ,1, ,
0, ,-1, ,
2, ,1, ,
-1, ,-1, ,
1, ,1, ,
2, ,1, ,
2, ,1, ,
-1, ,-1, ,
3, ,1, ,
0, ,-1, ,
1, ,1, ,
2, ,1, ,
2, ,1, ,
-1, ,-1, ,
2, ,1, ,
0, ,-1, ,
1, ,1, ,
1, ,1, ,
1, ,1, ,
-1, ,-1, ,
2, ,2, ,
0, ,-1, ,
1, ,1, ,
2, ,1, ,
1, ,1, ,
-2, ,-1, ,
3, ,1, ,
0, ,-1, ,
1, ,1, ,
1, ,1, ,
1, ,1, ,
-2, ,-1, ,
2, ,2, ,
-1, ,1, ,
0, ,1, ,
1, ,1, ,
2, ,1, ,
-1, ,-1, ,
2, ,2, ,
-1, ,1, ,
1, ,1, ,
1, ,1, ,
1, ,2, ,
-1, ,-1, ,
3, ,2, ,
0, ,-1, ,
1, ,1, ,
1, ,1, ,
1, ,2, ,
-2, ,-1, ,
3, ,2, ,
0, ,-1, ,
0, ,1, ,
2, ,1, ,
1, ,1, ,
-1, ,-1, ,
2, ,1, ,
-1, ,-1, ,
0, ,1, ,
1, ,1, ,
2, ,2, ,
-1, ,-1, ,
2, ,1, ,
-1, ,-1, ,
0, ,1, ,
1, ,1, ,
1, ,2, ,
-1, ,-1, ,
2, ,1, ,
0, ,-1, ,
1, ,1, ,
1, ,1, ,
1, ,2, ,
-1, ,-1, ,
3, ,2, ,
0, ,-1, ,
1, ,1, ,
1, ,1, ,
1, ,2, ,
-1, ,-1, ,
3, ,1, ,
-1, ,-1, ,
0, ,1, ,
2, ,1, ,
1, ,2, ,
-2, ,-1, ,
3, ,2, ,
-1, ,-1, ,
0, ,1, ,
2, ,1, ,
1, ,2, ,
-2, ,-1, ,
3, ,1, ,
-1, ,-1, ,
0, ,1, ,
2, ,1, ,
2, ,1, ,
-1, ,-1, ,
2, ,1, ,
-1, ,-1, ,
0, ,1, ,
1, ,1, ,
2, ,1, ,
-1, ,-1, ,
2, ,2, ,
-1, ,-1, ,
1, ,1, ,
1, ,1, ,
0, ,1, ,
-2, ,-1, ,
2, ,2, ,
-1, ,-1, ,
1, ,1, ,
2, ,1, ,
1, ,1, ,
-1, ,-1, ,
1, ,2, ,
-1, ,-1, ,
0, ,1, ,
1, ,1, ,
1, ,1, ,
-2, ,-2, ,
3, ,1, ,
-1, ,-1, ,
0, ,1, ,
1, ,1, ,
1, ,1, ,
-2, ,-1, ,
2, ,1, ,
-1, ,-1, ,
0, ,1, ,
1, ,1, ,
1, ,1, ,
-2, ,-1, ,
1, ,1, ,
-1, ,-1, ,
1, ,1, ,
1, ,1, ,
1, ,1, ,
-2, ,-1, ,
3, ,1, ,
-1, ,1, ,
0, ,1, ,
1, ,1, ,
1, ,1, ,
-2, ,-1, ,
1, ,2, ,
-1, ,-1, ,
1, ,1, ,
2, ,1, ,
1, ,1, ,
-2, ,-1, ,
2, ,1, ,
0, ,1, ,
0, ,1, ,
2, ,1, ,
1, ,1, ,
-2, ,-1, ,
2, ,1, ,
-1, ,-1, ,
0, ,1, ,
1, ,1, ,
1, ,1, ,
-1, ,-1, ,
-5, ,1, ,
-7, ,-1, ,
-5, ,1, ,
0, ,1, ,
-2, ,1, ,
-4, ,-1, ,
4, ,2, ,
-1, ,-1, ,
0, ,1, ,
1, ,1, ,
0, ,1, ,
-2, ,-2, ,
2, ,1, ,
-2, ,1, ,
0, ,1, ,
1, ,1, ,
1, ,1, ,
0, ,-1, ,
2, ,1, ,
-2, ,-1, ,
0, ,1, ,
1, ,1, ,
0, ,1, ,
-1, ,-1, ,
3, ,1, ,
-1, ,-1, ,
1, ,1, ,
1, ,1, ,
1, ,1, ,
-2, ,-2, ,
2, ,1, ,
-1, ,-1, ,
0, ,1, ,
1, ,1, ,
0, ,2, ,
-2, ,-1, ,
3, ,1, ,
-1, ,-1, ,
-1, ,1, ,
1, ,1, ,
1, ,1, ,
-1, ,-1, ,
2, ,2, ,
-1, ,-1, ,
0, ,-1, ,
1, ,1, ,
1, ,1, ,
-2, ,-2, ,
2, ,1, ,
-1, ,-1, ,
0, ,1, ,
1, ,1, ,
1, ,1, ,
-2, ,-1, ,
3, ,1, ,
-2, ,-1, ,
0, ,1, ,
1, ,1, ,
1, ,1, ,
-2, ,-1, ,
2, ,1, ,
-1, ,-1, ,
-1, ,1, ,
0, ,1, ,
0, ,1, ,
-2, ,-1, ,
2, ,2, ,
-1, ,-1, ,
0, ,1, ,
1, ,1, ,
1, ,1, ,
-2, ,-2, ,
2, ,2, ,
-1, ,-1, ,
1, ,-1, ,
1, ,1, ,
1, ,-1, ,
-1, ,-2, ,
1, ,1, ,
-1, ,-1, ,
0, ,-1, ,
1, ,1, ,
1, ,1, ,
-2, ,-1, ,
2, ,1, ,
-1, ,1, ,
1, ,1, ,
1, ,1, ,
1, ,1, ,
-1, ,-1, ,
1, ,2, ,
-1, ,1, ,
0, ,1, ,
1, ,1, ,
0, ,1, ,
-2, ,-1, ,
2, ,1, ,
-1, ,1, ,
0, ,-1, ,
0, ,1, ,
1, ,1, ,
-2, ,-1, ,
2, ,1, ,
-1, ,1, ,
0, ,1, ,
1, ,1, ,
1, ,1, ,
-2, ,-1, ,
2, ,1, ,
-1, ,1, ,
1, ,1, ,
1, ,1, ,
1, ,1, ,
-2, ,-1, ,
1, ,2, ,
-1, ,1, ,
1, ,1, ,
1, ,1, ,
1, ,1, ,
-2, ,-1, ,
3, ,1, ,
-1, ,1, ,
0, ,1, ,
1, ,1, ,
1, ,1, ,
-2, ,-1, ,
2, ,2, ,
0, ,1, ,
1, ,1, ,
1, ,1, ,
0, ,1, ,
-2, ,1, ,
2, ,2, ,
-2, ,1, ,
0, ,1, ,
2, ,1, ,
2, ,1, ,
-2, ,-1, ,
2, ,2, ,
-1, ,1, ,
1, ,-1, ,
0, ,1, ,
1, ,1, ,
-1, ,-1, ,
2, ,2, ,
-1, ,1, ,
0, ,1, ,
1, ,1, ,
1, ,1, ,
-1, ,1, ,
2, ,2, ,
0, ,1, ,
0, ,1, ,
1, ,1, ,
1, ,1, ,
-2, ,1, ,
3, ,2, ,
-1, ,1, ,
0, ,1, ,
1, ,1, ,
0, ,1, ,
-2, ,-1, ,
2, ,2, ,
0, ,1, ,
1, ,1, ,
1, ,1, ,
0, ,1, ,
-2, ,-1, ,
2, ,1, ,
-1, ,1, ,
0, ,1, ,
1, ,1, ,
2, ,1, ,
-1, ,-1, ,
2, ,1, ,
-2, ,1, ,
0, ,1, ,
1, ,1, ,
1, ,1, ,
-1, ,1, ,
2, ,2, ,
0, ,1, ,
0, ,1, ,
1, ,1, ,
0, ,1, ,
-2, ,-1, ,
2, ,2, ,
-2, ,1, ,
-1, ,1, ,
-1, ,1, ,
0, ,1, ,
-3, ,-1, ,
2, ,2, ,
0, ,1, ,
1, ,1, ,
2, ,1, ,
2, ,1, ,
-1, ,-1, ,
3, ,1, ,
-1, ,1, ,
-1, ,1, ,
2, ,1, ,
1, ,1, ,
-2, ,-1, ,
2, ,1, ,
-1, ,1, ,
0, ,1, ,
1, ,1, ,
1, ,1, ,
-2, ,1, ,
2, ,1, ,
-2, ,1, ,
0, ,1, ,
1, ,1, ,
1, ,1, ,
-2, ,-1, ,
2, ,1, ,
-1, ,1, ,
-1, ,1, ,
1, ,1, ,
1, ,-1, ,
-1, ,1, ,
2, ,1, ,
0, ,1, ,
1, ,1, ,
0, ,1, ,
1, ,1, ,
-2, ,-1, ,
3, ,1, ,
0, ,1, ,
0, ,1, ,
1, ,1, ,
2, ,1, ,
-2, ,1, ,
1, ,1, ,
-2, ,1, ,
-1, ,1, ,
1, ,1, ,
1, ,1, ,
-1, ,-1, ,
2, ,1, ,
-1, ,1, ,
0, ,1, ,
1, ,1, ,
0, ,1, ,
-2, ,-1, ,
4, ,1, ,
-1, ,1, ,
0, ,1, ,
2, ,1, ,
1, ,1, ,
-1, ,-1, ,
2, ,1, ,
-1, ,1, ,
0, ,1, ,
1, ,2, ,
1, ,1, ,
-1, ,-1, ,
2, ,2, ,
-1, ,1, ,
1, ,1, ,
2, ,1, ,
1, ,1, ,
-1, ,-1, ,
2, ,1, ,
-1, ,1, ,
0, ,1, ,
1, ,1, ,
1, ,1, ,
-1, ,-1, ,
2, ,1, ,
-1, ,1, ,
0, ,1, ,
0, ,1, ,
1, ,1, ,
-2, ,-1, ,
3, ,1, ,
-1, ,-1, ,
-1, ,1, ,
0, ,1, ,
0, ,1, ,
-2, ,-1, ,
1, ,2, ,
-1, ,1, ,
1, ,1, ,
1, ,1, ,
1, ,1, ,
-2, ,-1, ,
1, ,2, ,
-2, ,-1, ,
-1, ,1, ,
2, ,1, ,
1, ,1, ,
-2, ,-1, ,
2, ,1, ,
-1, ,-1, ,
0, ,1, ,
0, ,1, ,
1, ,1, ,
-1, ,-1, ,
2, ,1, ,
-1, ,-1, ,
0, ,1, ,
1, ,1, ,
1, ,1, ,
-2, ,-1, ,
1, ,1, ,
-1, ,-1, ,
1, ,1, ,
1, ,1, ,
1, ,1, ,
-2, ,-1, ,
2, ,1, ,
-1, ,-1, ,
0, ,1, ,
1, ,1, ,
1, ,1, ,
-2, ,-1, ,
3, ,1, ,
-2, ,-1, ,
0, ,1, ,
1, ,1, ,
1, ,1, ,
-2, ,-1, ,
1, ,1, ,
-1, ,-1, ,
-1, ,1, ,
1, ,1, ,
1, ,1, ,
-2, ,-1, ,
1, ,1, ,
-2, ,-1, ,
0, ,-1, ,
1, ,1, ,
0, ,1, ,
-2, ,-1, ,
2, ,1, ,
-1, ,-1, ,
-1, ,1, ,
1, ,1, ,
1, ,1, ,
-2, ,-1, ,
2, ,1, ,
-1, ,-1, ,
0, ,1, ,
1, ,1, ,
0, ,1, ,
-3, ,-1, ,
1, ,1, ,
-2, ,-1, ,
0, ,1, ,
1, ,1, ,
1, ,1, ,
-2, ,-1, ,
2, ,1, ,
-2, ,-1, ,
0, ,1, ,
0, ,1, ,
1, ,2, ,
-1, ,-2, ,
1, ,1, ,
-1, ,-1, ,
-1, ,1, ,
1, ,1, ,
0, ,1, ,
-2, ,-1, ,
2, ,1, ,
-2, ,-1, ,
1, ,1, ,
1, ,1, ,
1, ,1, ,
-2, ,-1, ,
2, ,1, ,
-1, ,-1, ,
-1, ,1, ,
1, ,1, ,
1, ,1, ,
-3, ,-1, ,
2, ,2, ,
-1, ,-1, ,
0, ,1, ,
1, ,1, ,
0, ,1, ,
-2, ,-1, ,
2, ,1, ,
-1, ,-1, ,
0, ,1, ,
1, ,1, ,
1, ,1, ,
-2, ,-1, ,
2, ,1, ,
-1, ,-1, ,
-1, ,1, ,
1, ,1, ,
1, ,1, ,
-2, ,-1, ,
2, ,1, ,
-1, ,-1, ,
0, ,1, ,
1, ,1, ,
0, ,1, ,
-3, ,-1, ,
2, ,1, ,
-1, ,-1, ,
1, ,1, ,
1, ,1, ,
1, ,1, ,
-2, ,-1, ,
1, ,1, ,
-1, ,-1, ,
0, ,1, ,
2, ,1, ,
1, ,1, ,
-2, ,-1, ,
2, ,1, ,
-1, ,-1, ,
-1, ,11, ,
1, ,75, ,
1, ,47, ,
-1, ,30, ,
2, ,21, ,
0, ,13, ,
0, ,10, ,
1, ,7, ,
1, ,6, ,
-2, ,5, ,
3, ,5, ,
-1, ,2, ,
0, ,2, ,
1, ,3, ,
1, ,3, ,
-2, ,2, ,
2, ,3, ,
-1, ,3, ,
0, ,3, ,
0, ,3, ,
0, ,2, ,
-2, ,2, ,
2, ,3, ,
-1, ,2, ,
0, ,3, ,
1, ,2, ,
1, ,3, ,
-3, ,2, ,
1, ,3, ,
-2, ,2, ,
0, ,2, ,
1, ,2, ,
1, ,2, ,
-2, ,2, ,
2, ,3, ,
-1, ,2, ,
0, ,2, ,
1, ,3, ,
0, ,3, ,
-1, ,2, ,
1, ,2, ,
-1, ,2, ,
0, ,2, ,
0, ,2, ,
0, ,2, ,
-2, ,2, ,
2, ,3, ,
-1, ,2, ,
0, ,2, ,
1, ,2, ,
1, ,2, ,
-2, ,2, ,
1, ,3, ,
-2, ,2, ,
0, ,2, ,
1, ,3, ,
1, ,2, ,
-2, ,2, ,
1, ,3, ,
-2, ,2, ,
-1, ,2, ,
0, ,3, ,
1, ,2, ,
-2, ,2, ,
2, ,3, ,
-1, ,2, ,
-1, ,2, ,
1, ,2, ,
1, ,2, ,
-1, ,2, ,
1, ,3, ,
-2, ,3, ,
0, ,2, ,
1, ,2, ,
0, ,2, ,
-2, ,1, ,
1, ,2, ,
-1, ,3, ,
-1, ,2, ,
1, ,2, ,
1, ,2, ,
-2, ,2, ,
2, ,3, ,
-1, ,2, ,
0, ,2, ,
0, ,2, ,
1, ,2, ,
-1, ,2, ,
2, ,2, ,
-1, ,2, ,
0, ,2, ,
1, ,3, ,
1, ,2, ,
-2, ,1, ,
2, ,3, ,
-1, ,2, ,
-1, ,2, ,
1, ,2, ,
0, ,2, ,
-2, ,2, ,
1, ,3, ,
0, ,2, ,
0, ,2, ,
1, ,3, ,
1, ,2, ,
-2, ,2, ,
2, ,3, ,
-1, ,2, ,
0, ,2, ,
1, ,3, ,
1, ,2, ,
-1, ,2, ,
1, ,2, ,
-1, ,2, ,
1, ,2, ,
1, ,2, ,
2, ,2, ,
-2, ,2, ,
2, ,3, ,
-1, ,2, ,
0, ,2, ,
1, ,2, ,
1, ,2, ,
-1, ,2, ,
2, ,3, ,
-1, ,2, ,
0, ,2, ,
2, ,2, ,
0, ,2, ,
-2, ,2, ,
2, ,3, ,
-1, ,2, ,
0, ,2, ,
1, ,2, ,
1, ,2, ,
-2, ,1, ,
2, ,3, ,
-1, ,2, ,
0, ,2, ,
0, ,2, ,
1, ,2, ,
-1, ,1, ,
2, ,2, ,
-1, ,2, ,
1, ,2, ,
1, ,2, ,
0, ,2, ,
-2, ,2, ,
2, ,2, ,
-2, ,2, ,
0, ,2, ,
1, ,3, ,
1, ,2, ,
-2, ,1, ,
1, ,3, ,
-1, ,1, ,
0, ,2, ,
0, ,2, ,
1, ,2, ,
-2, ,1, ,
2, ,2, ,
-1, ,2, ,
-1, ,2, ,
0, ,2, ,
0, ,2, ,
-2, ,2, ,
2, ,2, ,
-1, ,2, ,
0, ,2, ,
-1, ,2, ,
0, ,2, ,
-3, ,1, ,
1, ,2, ,
-1, ,2, ,
-1, ,2, ,
1, ,2, ,
1, ,2, ,
-2, ,1, ,
2, ,2, ,
-2, ,2, ,
0, ,1, ,
1, ,2, ,
1, ,2, ,
-1, ,1, ,
2, ,2, ,
-1, ,2, ,
-1, ,1, ,
1, ,2, ,
1, ,2, ,
-2, ,1, ,
2, ,3, ,
-1, ,2, ,
0, ,2, ,
0, ,2, ,
0, ,2, ,
-2, ,1, ,
2, ,2, ,
-1, ,1, ,
0, ,2, ,
1, ,2, ,
1, ,2, ,
-2, ,1, ,
1, ,2, ,
-1, ,2, ,
0, ,2, ,
1, ,2, ,
1, ,2, ,
-2, ,1, ,
1, ,2, ,
-1, ,2, ,
0, ,1, ,
1, ,2, ,
1, ,2, ,
-2, ,1, ,
1, ,3, ,
-2, ,1, ,
-1, ,1, ,
1, ,2, ,
0, ,2, ,
-2, ,1, ,
1, ,2, ,
-1, ,1, ,
0, ,1, ,
1, ,2, ,
0, ,2, ,
-2, ,1, ,
2, ,1, ,
-1, ,2, ,
0, ,2, ,
1, ,2, ,
0, ,2, ,
-2, ,1, ,
1, ,2, ,
-1, ,1, ,
-1, ,1, ,
1, ,2, ,
1, ,2, ,
-2, ,1, ,
2, ,2, ,
-2, ,2, ,
0, ,2, ,
0, ,2, ,
1, ,2, ,
-1, ,1, ,
1, ,2, ,
-1, ,1, ,
0, ,2, ,
1, ,2, ,
0, ,2, ,
-3, ,1, ,
2, ,2, ,
-1, ,1, ,
0, ,2, ,
1, ,2, ,
1, ,2, ,
-2, ,-1, ,
2, ,2, ,
-1, ,1, ,
0, ,1, ,
1, ,2, ,
1, ,2, ,
-1, ,1, ,
2, ,1, ,
-1, ,-1, ,
0, ,1, ,
1, ,2, ,
1, ,2, ,
-2, ,1, ,
2, ,2, ,
-1, ,1, ,
0, ,1, ,
1, ,2, ,
1, ,2, ,
-2, ,-1, ,
2, ,2, ,
-2, ,2, ,
-1, ,2, ,
1, ,2, ,
1, ,2, ,
0, ,-1, ,
1, ,2, ,
-1, ,1, ,
-1, ,1, ,
1, ,2, ,
1, ,2, ,
-2, ,-1, ,
1, ,2, ,
-1, ,1, ,
1, ,1, ,
0, ,2, ,
0, ,2, ,
-2, ,-1, ,
1, ,2, ,
-1, ,1, ,
0, ,1, ,
0, ,2, ,
0, ,2, ,
-1, ,-1, ,
1, ,2, ,
-1, ,1, ,
0, ,1, ,
0, ,2, ,
1, ,2, ,
-1, ,-1, ,
2, ,2, ,
-1, ,1, ,
0, ,1, ,
0, ,1, ,
1, ,2, ,
-2, ,1, ,
1, ,2, ,
-1, ,1, ,
1, ,2, ,
1, ,2, ,
0, ,2, ,
-1, ,-1, ,
2, ,2, ,
-1, ,1, ,
-1, ,1, ,
0, ,2, ,
2, ,2, ,
-2, ,1, ,
1, ,1, ,
-1, ,1, ,
0, ,1, ,
1, ,2, ,
0, ,2, ,
-2, ,-1, ,
1, ,1, ,
-2, ,1, ,
0, ,1, ,
1, ,1, ,
1, ,2, ,
-2, ,-1, ,
1, ,2, ,
-1, ,1, ,
0, ,1, ,
1, ,1, ,
1, ,1, ,
-1, ,-1, ,
2, ,2, ,
-2, ,1, ,
0, ,1, ,
0, ,1, ,
2, ,2, ,
-2, ,-1, ,
2, ,2, ,
-1, ,1, ,
0, ,1, ,
0, ,2, ,
1, ,2, ,
-2, ,-1, ,
2, ,1, ,
-1, ,1, ,
0, ,1, ,
0, ,2, ,
1, ,1, ,
-1, ,-1, ,
1, ,2, ,
-1, ,1, ,
0, ,1, ,
0, ,2, ,
1, ,2, ,
-1, ,-1, ,
1, ,2, ,
-2, ,1, ,
0, ,1, ,
1, ,2, ,
1, ,2, ,
-2, ,1, ,
1, ,2, ,
-1, ,1, ,
1, ,1, ,
1, ,1, ,
1, ,2, ,
-1, ,-1, ,
1, ,2, ,
0, ,1, ,
0, ,1, ,
0, ,1, ,
1, ,1, ,
-2, ,-1, ,
2, ,2, ,
-1, ,1, ,
126, ,1, ,
76, ,1, ,
50, ,2, ,
34, ,-1, ,
25, ,1, ,
17, ,1, ,
15, ,1, ,
12, ,2, ,
11, ,2, ,
8, ,-1, ,
9, ,1, ,
7, ,1, ,
7, ,1, ,
8, ,2, ,
8, ,2, ,
7, ,-1, ,
9, ,2, ,
6, ,1, ,
7, ,1, ,
8, ,1, ,
8, ,1, ,
6, ,-1, ,
8, ,2, ,
7, ,1, ,
7, ,1, ,
8, ,1, ,
7, ,2, ,
6, ,-1, ,
8, ,2, ,
6, ,1, ,
7, ,1, ,
7, ,1, ,
8, ,1, ,
6, ,-1, ,
7, ,1, ,
5, ,1, ,
6, ,1, ,
7, ,1, ,
7, ,2, ,
6, ,-1, ,
7, ,2, ,
6, ,1, ,
7, ,1, ,
6, ,1, ,
7, ,2, ,
5, ,-1, ,
7, ,1, ,
6, ,1, ,
6, ,1, ,
6, ,1, ,
6, ,1, ,
6, ,-1, ,
7, ,2, ,
4, ,1, ,
4, ,1, ,
5, ,1, ,
6, ,2, ,
5, ,-1, ,
7, ,2, ,
5, ,-1, ,
6, ,1, ,
6, ,1, ,
6, ,2, ,
4, ,-1, ,
6, ,1, ,
5, ,1, ,
6, ,1, ,
6, ,1, ,
7, ,2, ,
4, ,-1, ,
6, ,2, ,
4, ,1, ,
6, ,1, ,
6, ,1, ,
5, ,1, ,
4, ,-1, ,
6, ,1, ,
5, ,-1, ,
4, ,1, ,
5, ,1, ,
6, ,1, ,
5, ,-1, ,
6, ,2, ,
5, ,1, ,
6, ,1, ,
5, ,1, ,
5, ,2, ,
3, ,-1, ,
5, ,2, ,
4, ,1, ,
5, ,1, ,
5, ,1, ,
5, ,2, ,
3, ,-1, ,
5, ,1, ,
4, ,1, ,
5, ,1, ,
5, ,1, ,
5, ,1, ,
4, ,-1, ,
6, ,2, ,
4, ,1, ,
3, ,1, ,
5, ,1, ,
5, ,1, ,
3, ,-1, ,
4, ,2, ,
3, ,1, ,
4, ,1, ,
5, ,1, ,
5, ,2, ,
3, ,-1, ,
6, ,2, ,
4, ,-1, ,
4, ,1, ,
4, ,1, ,
4, ,1, ,
3, ,-1, ,
6, ,2, ,
4, ,-1, ,
4, ,1, ,
4, ,1, ,
4, ,2, ,
2, ,-1, ,
5, ,1, ,
3, ,-1, ,
4, ,1, ,
4, ,1, ,
4, ,2, ,
2, ,-1, ,
4, ,2, ,
3, ,-1, ,
4, ,1, ,
4, ,1, ,
4, ,2, ,
2, ,-1, ,
5, ,1, ,
3, ,-1, ,
4, ,1, ,
4, ,1, ,
4, ,1, ,
2, ,-1, ,
4, ,2, ,
3, ,-1, ,
4, ,1, ,
4, ,1, ,
4, ,1, ,
2, ,-1, ,
4, ,2, ,
3, ,-1, ,
4, ,1, ,
4, ,1, ,
4, ,1, ,
1, ,-1, ,
4, ,2, ,
3, ,-1, ,
4, ,1, ,
3, ,1, ,
4, ,1, ,
3, ,-1, ,
7, ,1, ,
-6, ,-1, ,
0, ,1, ,
-1, ,1, ,
1, ,1, ,
0, ,-1, ,
1, ,1, ,
1, ,-1, ,
3, ,1, ,
2, ,1, ,
4, ,2, ,
2, ,-1, ,
4, ,1, ,
1, ,-1, ,
2, ,1, ,
2, ,1, ,
3, ,1, ,
2, ,-1, ,
4, ,1, ,
2, ,1, ,
3, ,1, ,
3, ,1, ,
3, ,1, ,
1, ,-1, ,
4, ,1, ,
2, ,1, ,
2, ,1, ,
3, ,1, ,
4, ,2, ,
1, ,-1, ,
3, ,2, ,
1, ,-1, ,
2, ,1, ,
3, ,1, ,
3, ,1, ,
1, ,-1, ,
3, ,1, ,
1, ,-1, ,
3, ,1, ,
3, ,1, ,
3, ,1, ,
1, ,-1, ,
4, ,1, ,
2, ,-1, ,
3, ,1, ,
2, ,1, ,
3, ,2, ,
0, ,-1, ,
4, ,2, ,
1, ,-1, ,
2, ,1, ,
3, ,1, ,
3, ,1, ,
-1, ,-1, ,
2, ,2, ,
1, ,-1, ,
3, ,1, ,
2, ,1, ,
2, ,1, ,
0, ,-1, ,
4, ,1, ,
2, ,-1, ,
3, ,1, ,
2, ,1, ,
3, ,1, ,
0, ,-1, ,
3, ,1, ,
2, ,1, ,
2, ,1, ,
2, ,1, ,
2, ,1, ,
0, ,-1, ,
3, ,1, ,
0, ,1, ,
1, ,1, ,
2, ,1, ,
3, ,2, ,
0, ,-1, ,
3, ,1, ,
1, ,1, ,
2, ,1, ,
2, ,1, ,
2, ,1, ,
0, ,-1, ,
3, ,1, ,
1, ,1, ,
2, ,1, ,
2, ,1, ,
2, ,1, ,
0, ,-1, ,
2, ,1, ,
0, ,-1, ,
2, ,1, ,
2, ,1, ,
3, ,2, ,
0, ,-1, ,
3, ,1, ,
0, ,-1, ,
2, ,1, ,
1, ,1, ,
2, ,1, ,
0, ,-1, ,
3, ,1, ,
1, ,-1, ,
2, ,1, ,
2, ,1, ,
2, ,1, ,
0, ,-1, ,
3, ,1, ,
0, ,-1, ,
1, ,1, ,
0, ,1, ,
0, ,2, ,
-1, ,-1, ,
2, ,2, ,
0, ,-1, ,
1, ,1, ,
2, ,1, ,
2, ,1, ,
-1, ,-1, ,
2, ,2, ,
0, ,-1, ,
1, ,1, ,
2, ,1, ,
1, ,1, ,
-1, ,-1, ,
2, ,1, ,
0, ,-1, ,
2, ,1, ,
2, ,1, ,
2, ,1, ,
0, ,-1, ,
2, ,1, ,
0, ,-1, ,
1, ,1, ,
2, ,1, ,
1, ,1, ,
-1, ,-1, ,
2, ,1, ,
0, ,-1, ,
1, ,1, ,
2, ,1, ,
1, ,1, ,
-1, ,-1, ,
3, ,1, ,
0, ,-1, ,
2, ,1, ,
2, ,1, ,
2, ,1, ,
0, ,-1, ,
2, ,2, ,
0, ,-1, ,
1, ,1, ,
2, ,1, ,
2, ,1, ,
0, ,-1, ,
3, ,1, ,
-1, ,-1, ,
1, ,1, ,
2, ,1, ,
2, ,1, ,
0, ,-1, ,
2, ,1, ,
0, ,-1, ,
2, ,1, ,
2, ,1, ,
1, ,2, ,
-1, ,-1, ,
2, ,2, ,
0, ,-1, ,
1, ,1, ,
2, ,1, ,
2, ,1, ,
-1, ,-1, ,
2, ,1, ,
0, ,-1, ,
1, ,-1, ,
2, ,1, ,
2, ,1, ,
-1, ,-1, ,
2, ,1, ,
1, ,-1, ,
1, ,1, ,
2, ,1, ,
1, ,2, ,
-1, ,-1, ,
2, ,1, ,
0, ,-1, ,
2, ,1, ,
2, ,1, ,
2, ,1, ,
-1, ,-1, ,
2, ,1, ,
-1, ,1, ,
0, ,1, ,
1, ,1, ,
2, ,2, ,
-1, ,-2, ,
2, ,2, ,
-1, ,-1, ,
1, ,-1, ,
0, ,1, ,
0, ,1, ,
-2, ,-1, ,
1, ,1, ,
0, ,-1, ,
3, ,1, ,
3, ,87, ,
2, ,59, ,
-1, ,39, ,
2, ,25, ,
0, ,15, ,
1, ,11, ,
1, ,9, ,
1, ,7, ,
-1, ,5, ,
2, ,5, ,
-1, ,3, ,
0, ,3, ,
1, ,3, ,
1, ,3, ,
-1, ,2, ,
2, ,3, ,
0, ,2, ,
0, ,2, ,
1, ,3, ,
2, ,3, ,
-1, ,1, ,
3, ,3, ,
-1, ,2, ,
0, ,2, ,
0, ,2, ,
2, ,3, ,
0, ,1, ,
2, ,3, ,
0, ,2, ,
1, ,2, ,
1, ,2, ,
1, ,2, ,
-1, ,1, ,
2, ,3, ,
0, ,2, ,
2, ,2, ,
2, ,2, ,
2, ,3, ,
-2, ,1, ,
2, ,3, ,
0, ,1, ,
1, ,2, ,
1, ,2, ,
1, ,2, ,
-1, ,1, ,
2, ,3, ,
0, ,2, ,
0, ,2, ,
1, ,2, ,
2, ,2, ,
0, ,1, ,
2, ,2, ,
0, ,1, ,
1, ,2, ,
2, ,2, ,
1, ,3, ,
-1, ,1, ,
2, ,3, ,
0, ,2, ,
1, ,2, ,
1, ,2, ,
1, ,2, ,
-1, ,1, ,
2, ,3, ,
-1, ,2, ,
0, ,2, ,
1, ,2, ,
2, ,2, ,
-1, ,1, ,
2, ,3, ,
-1, ,2, ,
1, ,2, ,
1, ,2, ,
1, ,2, ,
-1, ,1, ,
2, ,2, ,
-1, ,1, ,
1, ,2, ,
1, ,2, ,
1, ,3, ,
-1, ,1, ,
2, ,2, ,
-1, ,1, ,
1, ,2, ,
1, ,2, ,
1, ,2, ,
-1, ,1, ,
2, ,2, ,
-1, ,2, ,
0, ,2, ,
1, ,2, ,
1, ,2, ,
-1, ,1, ,
2, ,2, ,
0, ,2, ,
1, ,2, ,
1, ,2, ,
0, ,2, ,
-2, ,1, ,
1, ,2, ,
0, ,2, ,
2, ,2, ,
1, ,2, ,
2, ,3, ,
-1, ,1, ,
2, ,2, ,
-1, ,2, ,
0, ,2, ,
1, ,2, ,
1, ,2, ,
0, ,1, ,
3, ,2, ,
0, ,1, ,
1, ,2, ,
1, ,2, ,
1, ,2, ,
-1, ,1, ,
2, ,3, ,
-1, ,1, ,
1, ,2, ,
2, ,2, ,
1, ,2, ,
-2, ,1, ,
2, ,3, ,
-1, ,1, ,
1, ,2, ,
2, ,2, ,
1, ,2, ,
-1, ,1, ,
1, ,2, ,
-1, ,1, ,
1, ,2, ,
1, ,2, ,
1, ,2, ,
-2, ,1, ,
2, ,2, ,
-1, ,1, ,
1, ,2, ,
1, ,2, ,
1, ,2, ,
-1, ,1, ,
1, ,2, ,
-1, ,1, ,
0, ,2, ,
1, ,2, ,
1, ,2, ,
-1, ,1, ,
1, ,3, ,
-1, ,1, ,
0, ,2, ,
0, ,2, ,
1, ,2, ,
-2, ,1, ,
2, ,2, ,
-1, ,1, ,
0, ,2, ,
1, ,2, ,
0, ,2, ,
-2, ,1, ,
1, ,2, ,
-1, ,1, ,
1, ,1, ,
1, ,2, ,
1, ,2, ,
-2, ,1, ,
1, ,2, ,
-1, ,1, ,
0, ,2, ,
1, ,2, ,
2, ,2, ,
-1, ,1, ,
2, ,2, ,
-1, ,1, ,
0, ,1, ,
0, ,2, ,
0, ,2, ,
-1, ,1, ,
2, ,2, ,
-1, ,1, ,
1, ,1, ,
1, ,2, ,
1, ,2, ,
-2, ,1, ,
2, ,2, ,
-1, ,1, ,
0, ,2, ,
1, ,2, ,
1, ,2, ,
-2, ,1, ,
2, ,2, ,
-1, ,1, ,
1, ,2, ,
1, ,2, ,
2, ,2, ,
-1, ,-1, ,
2, ,2, ,
-1, ,1, ,
1, ,2, ,
1, ,2, ,
2, ,2, ,
-1, ,1, ,
2, ,2, ,
-1, ,1, ,
1, ,2, ,
1, ,2, ,
2, ,2, ,
-1, ,1, ,
2, ,2, ,
-1, ,1, ,
0, ,2, ,
1, ,2, ,
2, ,2, ,
-1, ,1, ,
2, ,2, ,
-1, ,1, ,
0, ,2, ,
1, ,2, ,
1, ,2, ,
-1, ,1, ,
2, ,2, ,
-1, ,1, ,
1, ,2, ,
1, ,2, ,
1, ,2, ,
-2, ,-1, ,
1, ,2, ,
-1, ,1, ,
0, ,2, ,
1, ,1, ,
2, ,2, ,
-1, ,-1, ,
2, ,2, ,
0, ,1, ,
0, ,1, ,
0, ,2, ,
1, ,2, ,
-2, ,-1, ,
2, ,2, ,
-1, ,1, ,
1, ,1, ,
1, ,1, ,
1, ,2, ,
-2, ,-1, ,
1, ,2, ,
-1, ,1, ,
1, ,1, ,
1, ,1, ,
2, ,2, ,
-2, ,-1, ,
2, ,2, ,
-2, ,1, ,
0, ,1, ,
1, ,1, ,
1, ,2, ,
-2, ,-1, ,
1, ,2, ,
-1, ,1, ,
0, ,1, ,
1, ,1, ,
1, ,2, ,
-2, ,-1, ,
1, ,2, ,
-1, ,1, ,
1, ,2, ,
0, ,1, ,
1, ,2, ,
-2, ,1, ,
1, ,2, ,
-2, ,1, ,
1, ,1, ,
1, ,2, ,
0, ,2, ,
-2, ,-1, ,
2, ,2, ,
-1, ,1, ,
-1, ,1, ,
0, ,2, ,
1, ,2, ,
-2, ,1, ,
1, ,1, ,
0, ,1, ,
1, ,1, ,
0, ,1, ,
1, ,2, ,
-2, ,-1, ,
1, ,2, ,
-2, ,1, ,
-1, ,2, ,
0, ,2, ,
1, ,2, ,
-1, ,-1, ,
1, ,2, ,
-2, ,1, ,
0, ,1, ,
0, ,1, ,
0, ,2, ,
-2, ,-1, ,
2, ,2, ,
-2, ,1, ,
0, ,1, ,
1, ,1, ,
1, ,2, ,
-2, ,-1, ,
1, ,2, ,
-1, ,1, ,
0, ,1, ,
1, ,1, ,
1, ,2, ,
-1, ,-1, ,
2, ,2, ,
-1, ,1, ,
1, ,2, ,
0, ,1, ,
1, ,2, ,
-2, ,-1, ,
2, ,2, ,
0, ,1, ,
1, ,1, ,
1, ,1, ,
1, ,2, ,
-1, ,-1, ,
2, ,2, ,
-1, ,1, ,
0, ,1, ,
0, ,1, ,
1, ,2, ,
-1, ,-1, ,
2, ,2, ,
-1, ,1, ,
0, ,1, ,
0, ,1, ,
1, ,2, ,
-1, ,-1, ,
2, ,2, ,
-1, ,1, ,
0, ,2, ,
1, ,1, ,
1, ,2, ,
-1, ,-1, ,
2, ,1, ,
-1, ,1, ,
1, ,1, ,
1, ,1, ,
2, ,2, ,
-1, ,-1, ,
1, ,2, ,
-1, ,1, ,
0, ,1, ,
1, ,1, ,
2, ,1, ,
-1, ,-1, ,
2, ,2, ,
-1, ,1, ,
1, ,2, ,
0, ,1, ,
1, ,2, ,
-1, ,-1, ,
2, ,1, ,
0, ,1, ,
1, ,1, ,
1, ,1, ,
1, ,2, ,
-1, ,-1, ,
2, ,2, ,
-1, ,1, ,
0, ,1, ,
0, ,1, ,
1, ,2, ,
-1, ,-1, ,
2, ,2, ,
-1, ,1, ,
0, ,1, ,
0, ,1, ,
1, ,1, ,
-2, ,-1, ,
2, ,2, ,
-1, ,1, ,
1, ,1, ,
0, ,1, ,
0, ,2, ,
-2, ,-1, ,
1, ,2, ,
-2, ,1, ,
0, ,1, ,
1, ,1, ,
1, ,2, ,
-2, ,-1, ,
1, ,2, ,
-2, ,1, ,
-1, ,1, ,
1, ,1, ,
2, ,2, ,
-1, ,-1, ,
1, ,1, ,
-1, ,1, ,
0, ,1, ,
0, ,1, ,
1, ,1, ,
-2, ,-1, ,
2, ,2, ,
-1, ,-1, ,
1, ,1, ,
1, ,1, ,
0, ,1, ,
-3, ,-1, ,
1, ,1, ,
-2, ,1, ,
0, ,2, ,
0, ,1, ,
1, ,1, ,
-1, ,-1, ,
1, ,2, ,
-1, ,-1, ,
0, ,1, ,
0, ,1, ,
0, ,1, ,
-2, ,-1, ,
1, ,1, ,
-1, ,-1, ,
0, ,1, ,
0, ,1, ,
1, ,2, ,
-2, ,-1, ,
1, ,1, ,
-1, ,1, ,
0, ,1, ,
0, ,1, ,
0, ,2, ,
-1, ,-1, ,
1, ,2, ,
-1, ,-1, ,
0, ,1, ,
1, ,1, ,
0, ,2, ,
-2, ,-1, ,
2, ,2, ,
-1, ,-1, ,
1, ,1, ,
1, ,1, ,
1, ,2, ,
-2, ,-1, ,
2, ,1, ,
-1, ,1, ,
0, ,1, ,
0, ,1, ,
1, ,1, ,
-1, ,-1, ,
1, ,1, ,
-1, ,1, ,
0, ,1, ,
0, ,1, ,
0, ,1, ,
-1, ,-1, ,
2, ,2, ,
-1, ,1, ,
1, ,1, ,
1, ,1, ,
1, ,2, ,
-2, ,-1, ,
2, ,2, ,
-1, ,1, ,
1, ,1, ,
1, ,1, ,
1, ,2, ,
-1, ,-1, ,
1, ,2, ,
-1, ,1, ,
0, ,1, ,
1, ,1, ,
2, ,1, ,
-1, ,-1, ,
2, ,2, ,
-1, ,1, ,
0, ,1, ,
1, ,1, ,
1, ,2, ,
-1, ,-1, ,
1, ,1, ,
-1, ,1, ,
0, ,1, ,
2, ,1, ,
2, ,2, ,
-2, ,-1, ,
1, ,2, ,
-1, ,1, ,
0, ,1, ,
1, ,1, ,
1, ,2, ,
-2, ,-1, ,
2, ,1, ,
-1, ,-1, ,
0, ,1, ,
1, ,1, ,
1, ,2, ,
-2, ,-1, ,
2, ,2, ,
-1, ,-1, ,
0, ,1, ,
0, ,1, ,
1, ,1, ,
-2, ,-1, ,
1, ,2, ,
-1, ,1, ,
0, ,1, ,
1, ,1, ,
1, ,1, ,
-1, ,-1, ,
2, ,2, ,
-1, ,-1, ,
0, ,1, ,
1, ,1, ,
1, ,1, ,
-1, ,-1, ,
2, ,1, ,
-1, ,-1, ,
0, ,1, ,
1, ,1, ,
1, ,1, ,
-3, ,-1, ,
1, ,1, ,
-1, ,-1, ,
1, ,1, ,
1, ,1, ,
0, ,1, ,
-2, ,-1, ,
1, ,2, ,
-2, ,1, ,
0, ,1, ,
0, ,1, ,
1, ,2, ,
-2, ,-1, ,
1, ,2, ,
-1, ,1, ,
-1, ,1, ,
0, ,1, ,
1, ,1, ,
-2, ,-2, ,
1, ,1, ,
-1, ,-1, ,
1, ,1, ,
1, ,1, ,
1, ,1, ,
-1, ,-1, ,
2, ,1, ,
-1, ,-1, ,
1, ,1, ,
1, ,1, ,
1, ,1, ,
-2, ,-1, ,
2, ,1, ,
0, ,-1, ,
0, ,1, ,
1, ,1, ,
1, ,1, ,
-1, ,-1, ,
1, ,2, ,
-1, ,-1, ,
0, ,1, ,
1, ,1, ,
1, ,1, ,
-2, ,-1, ,
2, ,1, ,
-1, ,-1, ,
0, ,1, ,
1, ,1, ,
1, ,1, ,
-2, ,-1, ,
1, ,1, ,
-1, ,-1, ,
0, ,1, ,
0, ,1, ,
1, ,1, ,
-1, ,-1, ,
2, ,1, ,
-1, ,-1, ,
0, ,1, ,
1, ,1, ,
0, ,1, ,
-2, ,-1, ,
2, ,1, ,
-1, ,-1, ,
1, ,1, ,
0, ,1, ,
0, ,1, ,
-2, ,-1, ,
1, ,2, ,
-1, ,-1, ,
0, ,1, ,
1, ,1, ,
1, ,1, ,
-2, ,-1, ,
1, ,1, ,
-1, ,-1, ,
1, ,1, ,
0, ,1, ,
1, ,1, ,
-1, ,-1, ,
1, ,2, ,
-1, ,-1, ,
1, ,1, ,
1, ,1, ,
1, ,1, ,
-2, ,-1, ,
1, ,2, ,
-1, ,1, ,
0, ,1, ,
1, ,1, ,
1, ,1, ,
-1, ,-1, ,
2, ,1, ,
0, ,1, ,
0, ,1, ,
1, ,1, ,
1, ,1, ,
-1, ,-1, ,
2, ,1, ,
-1, ,-1, ,
0, ,1, ,
1, ,1, ,
1, ,1, ,
-2, ,-1, ,
2, ,1, ,
-1, ,-1, ,
0, ,1, ,
1, ,1, ,
1, ,2, ,
-1, ,-1, ,
1, ,2, ,
-2, ,-1, ,
0, ,1, ,
0, ,1, ,
1, ,1, ,
-1, ,-1, ,
1, ,2, ,
-1, ,-1, ,
0, ,1, ,
0, ,1, ,
0, ,1, ,
-2, ,-1, ,
2, ,2, ,
-1, ,-1, ,
0, ,1, ,
1, ,1, ,
0, ,2, ,
-2, ,-1, ,
1, ,1, ,
-2, ,1, ,
0, ,1, ,
0, ,1, ,
1, ,1, ,
-2, ,-1, ,
1, ,2, ,
-1, ,-1, ,
0, ,1, ,
0, ,1, ,
1, ,1, ,
-1, ,-1, ,
2, ,1, ,
-1, ,-1, ,
1, ,1, ,
1, ,1, ,
1, ,2, ,
-1, ,-1, ,
1, ,1, ,
-1, ,-1, ,
1, ,1, ,
0, ,1, ,
1, ,1, ,
-1, ,-1, ,
1, ,1, ,
-1, ,-1, ,
0, ,1, ,
0, ,1, ,
0, ,1, ,
-2, ,-1, ,
1, ,2, ,
-1, ,-1, ,
1, ,1, ,
1, ,1, ,
1, ,1, ,
-2, ,-1, ,
1, ,1, ,
-1, ,-1, ,
0, ,1, ,
1, ,1, ,
2, ,1, ,
-2, ,-1, ,
1, ,1, ,
-1, ,-1, ,
1, ,1, ,
0, ,1, ,
1, ,1, ,
-2, ,-2, ,
2, ,1, ,
-1, ,-1, ,
0, ,1, ,
1, ,1, ,
1, ,1, ,
-1, ,-1, ,
1, ,1, ,
-1, ,-1, ,
1, ,1, ,
0, ,1, ,
1, ,1, ,
-2, ,-1, ,
2, ,1, ,
-1, ,-1, ,
1, ,1, ,
1, ,1, ,
1, ,1, ,
-2, ,-1, ,
1, ,1, ,
-1, ,-1, ,
1, ,1, ,
0, ,1, ,
1, ,1, ,
-2, ,-2, ,
2, ,1, ,
-1, ,-1, ,
0, ,1, ,
1, ,1, ,
1, ,1, ,
-2, ,-1, ,
1, ,1, ,
-1, ,-1, ,
0, ,1, ,
1, ,1, ,
1, ,1, ,
-1, ,-2, ,
2, ,1, ,
0, ,-1, ,
1, ,-1, ,
0, ,1, ,
1, ,1, ,
-2, ,-1, ,
2, ,1, ,
-1, ,-1, ,
0, ,1, ,
1, ,1, ,
1, ,1, ,
-2, ,-2, ,
2, ,1, ,
-2, ,-1, ,
0, ,1, ,
1, ,1, ,
1, ,1, ,
-2, ,-1, ,
2, ,1, ,
-2, ,-1, ,
0, ,1, ,
0, ,1, ,
1, ,1, ,
-2, ,-2, ,
1, ,2, ,
-2, ,-1, ,
0, ,1, ,
0, ,1, ,
1, ,1, ,
-2, ,-1, ,
2, ,1, ,
-1, ,-1, ,
0, ,1, ,
1, ,1, ,
0, ,1, ,
-2, ,-2, ,
1, ,1, ,
-1, ,-1, ,
0, ,1, ,
1, ,1, ,
1, ,1, ,
-2, ,-1, ,
1, ,1, ,
-1, ,-1, ,
0, ,1, ,
1, ,1, ,
0, ,1, ,
-2, ,-1, ,
1, ,1, ,
-1, ,-1, ,
0, ,1, ,
1, ,1, ,
1, ,1, ,
-2, ,-1, ,
1, ,2, ,
-1, ,-1, ,
0, ,1, ,
0, ,1, ,
2, ,1, ,
-2, ,-1, ,
2, ,1, ,
-1, ,-1, ,
0, ,1, ,
0, ,1, ,
0, ,1, ,
-2, ,-2, ,
1, ,1, ,
-1, ,-1, ,
1, ,1, ,
0, ,1, ,
0, ,1, ,
-2, ,-2, ,
1, ,1, ,
-1, ,-1, ,
1, ,1, ,
1, ,1, ,
2, ,1, ,
-2, ,-1, ,
1, ,1, ,
-1, ,-1, ,
0, ,-1, ,
1, ,1, ,
1, ,1, ,
-2, ,-1, ,
1, ,1, ,
-1, ,-1, ,
0, ,1, ,
1, ,1, ,
1, ,1, ,
-2, ,-2, ,
2, ,1, ,
-1, ,-1, ,
1, ,1, ,
0, ,1, ,
1, ,1, ,
-1, ,-1, ,
2, ,1, ,
-1, ,-1, ,
1, ,1, ,
1, ,1, ,
1, ,1, ,
-2, ,-1, ,
2, ,1, ,
-1, ,-1, ,
0, ,1, ,
1, ,1, ,
1, ,1, ,
-2, ,-1, ,
1, ,1, ,
-1, ,-1, ,
1, ,1, ,
1, ,1, ,
2, ,1, ,
-1, ,-1, ,
2, ,1, ,
-1, ,-1, ,
0, ,1, ,
1, ,-1, ,
2, ,1, ,
-1, ,-1, ,
2, ,1, ,
-1, ,-1, ,
0, ,1, ,
0, ,1, ,
1, ,1, ,
-1, ,-1, ,
2, ,1, ,
0, ,-1, ,
1, ,1, ,
1, ,1, ,
0, ,1, ,
-2, ,-1, ,
2, ,1, ,
-1, ,-1, ,
0, ,1, ,
0, ,1, ,
1, ,1, ,
-2, ,-1, ,
1, ,1, ,
-1, ,-1, ,
0, ,1, ,
0, ,1, ,
1, ,1, ,
-2, ,-2, ,
2, ,1, ,
-1, ,-1, ,
0, ,1, ,
1, ,1, ,
1, ,1, ,
-2, ,-2, ,
1, ,1, ,
-1, ,-1, ,
1, ,1, ,
1, ,1, ,
1, ,1, ,
-1, ,-1, ,
1, ,1, ,
-2, ,-1, ,
0, ,1, ,
1, ,1, ,
1, ,1, ,
-1, ,-2, ,
1, ,1, ,
-1, ,-1, ,
0, ,-1, ,
0, ,1, ,
1, ,1, ,
-2, ,-2, ,
1, ,1, ,
-1, ,-1, ,
0, ,1, ,
1, ,1, ,
1, ,1, ,
-2, ,-1, ,
1, ,2, ,
-1, ,-1, ,
0, ,1, ,
0, ,1, ,
1, ,1, ,
-1, ,-1, ,
2, ,1, ,
-1, ,-1, ,
0, ,1, ,
0, ,1, ,
0, ,1, ,
-2, ,-2, ,
2, ,1, ,
-1, ,1, ,
1, ,1, ,
1, ,1, ,
0, ,1, ,
-2, ,-1, ,
2, ,1, ,
0, ,-1, ,
0, ,1, ,
0, ,-1, ,
1, ,1, ,
-2, ,-1, ,
1, ,1, ,
-1, ,-1, ,
0, ,-1, ,
1, ,1, ,
1, ,1, ,
-2, ,-1, ,
1, ,2, ,
-1, ,-1, ,
0, ,1, ,
1, ,1, ,
1, ,1, ,
-2, ,-1, ,
1, ,1, ,
-1, ,-1, ,
1, ,1, ,
0, ,1, ,
1, ,1, ,
-2, ,-2, ,
1, ,1, ,
-2, ,-1, ,
0, ,1, ,
0, ,1, ,
1, ,1, ,
-1, ,-1, ,
1, ,1, ,
-1, ,-1, ,
0, ,1, ,
0, ,1, ,
0, ,1, ,
-2, ,-1, ,
1, ,1, ,
-1, ,-1, ,
1, ,1, ,
1, ,1, ,
1, ,1, ,
-2, ,-1, ,
1, ,1, ,
-1, ,-1, ,
1, ,-1, ,
1, ,1, ,
2, ,1, ,
-1, ,-1, ,
1, ,1, ,
-2, ,-1, ,
-2, ,1, ,
-1, ,1, ,
0, ,1, ,
-2, ,-1, ,
3, ,1, ,
1, ,-1, ,
0, ,1, ,
0, ,1, ,
0, ,1, ,
-2, ,-1, ,
2, ,1, ,
0, ,-1, ,
1, ,1, ,
1, ,1, ,
1, ,1, ,
-2, ,-1, ,
1, ,1, ,
-1, ,-1, ,
0, ,1, ,
1, ,1, ,
1, ,1, ,
-2, ,-2, ,
1, ,2, ,
-1, ,-1, ,
0, ,1, ,
0, ,1, ,
1, ,1, ,
-2, ,-2, ,
1, ,1, ,
-2, ,-1, ,
0, ,-1, ,
1, ,1, ,
1, ,1, ,
-1, ,-1, ,
2, ,1, ,
-1, ,-1, ,
0, ,1, ,
1, ,1, ,
1, ,1, ,
-2, ,-1, ,
2, ,1, ,
-1, ,-1, ,
0, ,1, ,
0, ,1, ,
1, ,1, ,
-1, ,-2, ,
1, ,1, ,
-1, ,-1, ,
1, ,1, ,
1, ,1, ,
1, ,1, ,
-2, ,-1, ,
1, ,1, ,
-2, ,-1, ,
0, ,1, ,
1, ,1, ,
1, ,1, ,
-1, ,-1, ,
1, ,1, ,
-1, ,-1, ,
-1, ,1, ,
1, ,1, ,
1, ,1, ,
-1, ,-1, ,
2, ,2, ,
-1, ,-1, ,
1, ,1, ,
0, ,1, ,
1, ,1, ,
-1, ,-2, ,
2, ,1, ,
-1, ,-1, ,
0, ,1, ,
1, ,1, ,
1, ,1, ,
-1, ,-1, ,
1, ,1, ,
-1, ,-1, ,
1, ,1, ,
1, ,1, ,
1, ,1, ,
-1, ,-2, ,
2, ,1, ,
-1, ,-1, ,
0, ,1, ,
1, ,-1, ,
2, ,1, ,
-2, ,-1, ,
2, ,1, ,
0, ,-1, ,
1, ,1, ,
1, ,1, ,
1, ,1, ,
-2, ,-1, ,
1, ,1, ,
-1, ,-1, ,
0, ,-1, ,
0, ,1, ,
1, ,1, ,
-2, ,-2, ,
2, ,1, ,
0, ,-1, ,
1, ,1, ,
0, ,1, ,
0, ,1, ,
-2, ,-1, ,
2, ,1, ,
-1, ,-1, ,
1, ,1, ,
1, ,1, ,
1, ,1, ,
-2, ,-1, ,
1, ,1, ,
-1, ,-1, ,
0, ,1, ,
1, ,1, ,
1, ,1, ,
-2, ,-1, ,
2, ,1, ,
-1, ,-1, ,
0, ,1, ,
0, ,1, ,
1, ,2, ,
-2, ,-1, ,
1, ,1, ,
-1, ,-1, ,
0, ,1, ,
0, ,1, ,
1, ,1, ,
-1, ,-1, ,
1, ,1, ,
-2, ,-1, ,
0, ,1, ,
0, ,1, ,
1, ,1, ,
-1, ,-1, ,
1, ,1, ,
-1, ,-1, ,
0, ,1, ,
1, ,1, ,
0, ,1, ,
-2, ,-1, ,
1, ,2, ,
-2, ,-1, ,
0, ,-1, ,
0, ,1, ,
1, ,1, ,
-1, ,-1, ,
1, ,1, ,
-1, ,-1, ,
0, ,-1, ,
0, ,1, ,
0, ,1, ,
-2, ,-2, ,
1, ,1, ,
-2, ,-1, ,
0, ,1, ,
0, ,1, ,
1, ,1, ,
-2, ,-1, ,
1, ,2, ,
-1, ,-1, ,
-1, ,1, ,
-1, ,1, ,
0, ,1, ,
-2, ,-1, ,
1, ,1, ,
-2, ,-1, ,
0, ,1, ,
0, ,1, ,
0, ,1, ,
-2, ,-2, ,
1, ,1, ,
-2, ,-1, ,
0, ,-1, ,
0, ,1, ,
1, ,1, ,
-2, ,-1, ,
1, ,1, ,
-2, ,-1, ,
0, ,1, ,
0, ,1, ,
1, ,1, ,
-1, ,-1, ,
1, ,1, ,
-1, ,-1, ,
0, ,1, ,
0, ,-1, ,
0, ,1, ,
-2, ,-2, ,
1, ,1, ,
-2, ,-1, ,
1, ,1, ,
1, ,1, ,
1, ,-1, ,
-1, ,-1, ,
2, ,1, ,
-1, ,-1, ,
1, ,-1, ,
0, ,1, ,
2, ,1, ,
-1, ,-1, ,
1, ,2, ,
-1, ,1, ,
0, ,1, ,
1, ,1, ,
1, ,1, ,
-1, ,-1, ,
2, ,1, ,
-1, ,-1, ,
1, ,1, ,
1, ,1, ,
1, ,1, ,
-1, ,-1, ,
2, ,1, ,
-1, ,1, ,
0, ,-1, ,
1, ,1, ,
1, ,1, ,
-2, ,-1, ,
1, ,1, ,
0, ,1, ,
1, ,1, ,
0, ,1, ,
0, ,7, ,
-1, ,77, ,
1, ,49, ,
0, ,32, ,
1, ,20, ,
0, ,13, ,
1, ,10, ,
-2, ,6, ,
1, ,6, ,
-1, ,3, ,
1, ,3, ,
1, ,3, ,
1, ,3, ,
-1, ,2, ,
2, ,3, ,
-1, ,3, ,
0, ,2, ,
0, ,2, ,
1, ,2, ,
-2, ,2, ,
2, ,3, ,
0, ,2, ,
1, ,2, ,
0, ,2, ,
0, ,2, ,
-2, ,2, ,
2, ,3, ,
-1, ,2, ,
-1, ,2, ,
1, ,2, ,
1, ,2, ,
-2, ,2, ,
1, ,3, ,
-1, ,2, ,
1, ,2, ,
0, ,2, ,
0, ,2, ,
-2, ,2, ,
1, ,3, ,
-1, ,2, ,
1, ,2, ,
1, ,2, ,
0, ,2, ,
-1, ,2, ,
2, ,3, ,
-1, ,2, ,
-1, ,2, ,
0, ,2, ,
1, ,2, ,
-1, ,2, ,
1, ,2, ,
-2, ,2, ,
-1, ,2, ,
0, ,3, ,
0, ,2, ,
-2, ,2, ,
1, ,3, ,
-2, ,2, ,
-1, ,2, ,
0, ,2, ,
0, ,2, ,
-2, ,2, ,
1, ,3, ,
-2, ,3, ,
-1, ,2, ,
0, ,3, ,
0, ,2, ,
-2, ,2, ,
1, ,3, ,
-1, ,2, ,
0, ,2, ,
1, ,3, ,
0, ,2, ,
-2, ,2, ,
2, ,3, ,
-1, ,2, ,
0, ,2, ,
0, ,3, ,
1, ,2, ,
-2, ,2, ,
1, ,2, ,
-1, ,2, ,
1, ,2, ,
0, ,2, ,
0, ,2, ,
-2, ,2, ,
1, ,3, ,
-1, ,2, ,
1, ,2, ,
0, ,2, ,
1, ,2, ,
-2, ,2, ,
1, ,3, ,
-1, ,2, ,
1, ,2, ,
1, ,2, ,
1, ,2, ,
-1, ,2, ,
2, ,2, ,
-1, ,2, ,
0, ,2, ,
1, ,3, ,
2, ,2, ,
-2, ,2, ,
1, ,2, ,
-1, ,2, ,
0, ,2, ,
1, ,2, ,
1, ,2, ,
-1, ,2, ,
1, ,2, ,
-1, ,2, ,
1, ,2, ,
0, ,2, ,
2, ,2, ,
-1, ,2, ,
2, ,2, ,
-1, ,2, ,
0, ,2, ,
1, ,2, ,
0, ,2, ,
-1, ,2, ,
1, ,2, ,
0, ,2, ,
1, ,2, ,
1, ,2, ,
2, ,2, ,
-2, ,1, ,
1, ,2, ,
-1, ,2, ,
0, ,2, ,
1, ,2, ,
1, ,2, ,
-2, ,2, ,
1, ,2, ,
-1, ,2, ,
0, ,2, ,
0, ,2, ,
1, ,2, ,
-2, ,1, ,
1, ,3, ,
-1, ,2, ,
1, ,2, ,
0, ,2, ,
-4, ,2, ,
-7, ,1, ,
-3, ,3, ,
-2, ,2, ,
-1, ,2, ,
-1, ,2, ,
0, ,2, ,
-2, ,1, ,
1, ,2, ,
0, ,2, ,
0, ,1, ,
0, ,2, ,
1, ,2, ,
-2, ,1, ,
2, ,2, ,
-1, ,2, ,
0, ,1, ,
1, ,2, ,
0, ,2, ,
-2, ,1, ,
1, ,2, ,
-1, ,1, ,
1, ,1, ,
1, ,2, ,
1, ,2, ,
-1, ,1, ,
1, ,2, ,
-2, ,2, ,
0, ,2, ,
0, ,2, ,
1, ,2, ,
-1, ,1, ,
2, ,2, ,
-1, ,1, ,
-1, ,2, ,
0, ,2, ,
0, ,2, ,
-2, ,1, ,
2, ,2, ,
-1, ,2, ,
0, ,1, ,
0, ,2, ,
1, ,2, ,
-2, ,1, ,
1, ,2, ,
-1, ,1, ,
0, ,1, ,
0, ,2, ,
1, ,2, ,
-1, ,1, ,
2, ,2, ,
-1, ,2, ,
0, ,2, ,
0, ,2, ,
1, ,2, ,
-1, ,1, ,
1, ,2, ,
-1, ,1, ,
0, ,2, ,
0, ,2, ,
1, ,2, ,
-2, ,1, ,
2, ,2, ,
-2, ,1, ,
0, ,2, ,
0, ,2, ,
1, ,2, ,
-2, ,1, ,
2, ,2, ,
-1, ,1, ,
1, ,2, ,
0, ,2, ,
0, ,2, ,
-2, ,-1, ,
2, ,2, ,
-1, ,1, ,
1, ,1, ,
1, ,2, ,
1, ,2, ,
-2, ,1, ,
2, ,2, ,
-1, ,1, ,
1, ,2, ,
1, ,2, ,
1, ,2, ,
-1, ,1, ,
2, ,2, ,
-1, ,1, ,
1, ,2, ,
0, ,2, ,
2, ,2, ,
-1, ,-1, ,
1, ,2, ,
0, ,1, ,
1, ,1, ,
0, ,2, ,
1, ,2, ,
-1, ,1, ,
2, ,2, ,
-1, ,1, ,
0, ,2, ,
1, ,2, ,
1, ,2, ,
-2, ,1, ,
1, ,2, ,
-1, ,1, ,
1, ,1, ,
1, ,2, ,
2, ,2, ,
-2, ,1, ,
2, ,2, ,
-1, ,1, ,
0, ,1, ,
0, ,2, ,
1, ,2, ,
-2, ,1, ,
1, ,2, ,
-1, ,1, ,
0, ,1, ,
1, ,2, ,
0, ,2, ,
-2, ,-1, ,
2, ,2, ,
-1, ,1, ,
0, ,2, ,
1, ,2, ,
2, ,2, ,
-1, ,1, ,
2, ,2, ,
0, ,1, ,
1, ,1, ,
0, ,2, ,
1, ,2, ,
-1, ,1, ,
1, ,1, ,
-1, ,1, ,
0, ,1, ,
0, ,2, ,
0, ,2, ,
-1, ,1, ,
2, ,2, ,
-1, ,1, ,
1, ,1, ,
1, ,2, ,
1, ,2, ,
-2, ,-1, ,
1, ,1, ,
-1, ,1, ,
0, ,1, ,
0, ,2, ,
1, ,2, ,
-2, ,1, ,
1, ,2, ,
-1, ,1, ,
0, ,1, ,
0, ,2, ,
0, ,2, ,
-2, ,-1, ,
2, ,2, ,
0, ,1, ,
1, ,1, ,
1, ,2, ,
0, ,2, ,
-2, ,1, ,
1, ,2, ,
-1, ,1, ,
0, ,1, ,
1, ,2, ,
1, ,2, ,
-2, ,-1, ,
2, ,2, ,
-1, ,1, ,
1, ,1, ,
1, ,2, ,
1, ,2, ,
-1, ,-1, ,
2, ,1, ,
-1, ,1, ,
0, ,1, ,
0, ,2, ,
1, ,2, ,
-1, ,-1, ,
2, ,2, ,
-1, ,1, ,
0, ,1, ,
0, ,1, ,
1, ,2, ,
-1, ,-1, ,
1, ,2, ,
-1, ,1, ,
1, ,1, ,
0, ,1, ,
0, ,1, ,
-2, ,1, ,
2, ,1, ,
-1, ,1, ,
1, ,1, ,
1, ,1, ,
1, ,1, ,
-2, ,1, ,
1, ,2, ,
-1, ,-1, ,
1, ,1, ,
0, ,1, ,
1, ,1, ,
-1, ,-1, ,
1, ,1, ,
0, ,1, ,
0, ,2, ,
1, ,2, ,
1, ,1, ,
-1, ,-1, ,
2, ,1, ,
-1, ,1, ,
0, ,1, ,
1, ,2, ,
1, ,2, ,
-2, ,-1, ,
2, ,2, ,
-1, ,1, ,
1, ,2, ,
1, ,1, ,
1, ,1, ,
-2, ,-1, ,
1, ,2, ,
-1, ,-1, ,
0, ,1, ,
1, ,2, ,
2, ,2, ,
-1, ,1, ,
2, ,1, ,
-1, ,-1, ,
0, ,1, ,
1, ,1, ,
1, ,2, ,
-1, ,-1, ,
1, ,2, ,
0, ,-1, ,
1, ,1, ,
1, ,1, ,
2, ,2, ,
-2, ,-1, ,
2, ,2, ,
0, ,1, ,
0, ,1, ,
0, ,1, ,
2, ,2, ,
-1, ,-1, ,
1, ,2, ,
-1, ,1, ,
0, ,1, ,
0, ,1, ,
0, ,2, ,
-2, ,-1, ,
1, ,2, ,
-1, ,1, ,
0, ,1, ,
0, ,1, ,
0, ,1, ,
-3, ,-1, ,
1, ,2, ,
-1, ,1, ,
1, ,1, ,
0, ,1, ,
0, ,2, ,
-2, ,-1, ,
2, ,2, ,
-1, ,1, ,
0, ,1, ,
0, ,1, ,
1, ,1, ,
-1, ,-1, ,
2, ,2, ,
-1, ,1, ,
0, ,1, ,
-1, ,1, ,
0, ,2, ,
-2, ,-1, ,
1, ,2, ,
-1, ,1, ,
2, ,1, ,
1, ,1, ,
2, ,1, ,
-2, ,-1, ,
1, ,2, ,
-1, ,1, ,
0, ,1, ,
0, ,1, ,
1, ,2, ,
-2, ,-1, ,
2, ,2, ,
-1, ,1, ,
-1, ,1, ,
0, ,1, ,
1, ,1, ,
-1, ,-1, ,
1, ,2, ,
-1, ,1, ,
0, ,1, ,
0, ,2, ,
1, ,2, ,
-2, ,-1, ,
1, ,2, ,
-2, ,-1, ,
1, ,1, ,
0, ,1, ,
1, ,1, ,
-1, ,-1, ,
2, ,1, ,
-1, ,1, ,
-1, ,1, ,
0, ,1, ,
0, ,2, ,
-2, ,-1, ,
2, ,1, ,
-1, ,-1, ,
0, ,1, ,
1, ,1, ,
1, ,1, ,
-1, ,-1, ,
1, ,2, ,
-1, ,1, ,
1, ,1, ,
1, ,1, ,
1, ,2, ,
-1, ,-1, ,
1, ,2, ,
-1, ,1, ,
0, ,1, ,
0, ,1, ,
2, ,2, ,
-2, ,-1, ,
2, ,2, ,
0, ,1, ,
0, ,1, ,
1, ,1, ,
1, ,1, ,
-1, ,-1, ,
2, ,2, ,
-1, ,-1, ,
0, ,1, ,
1, ,1, ,
1, ,1, ,
-2, ,-1, ,
2, ,2, ,
-1, ,1, ,
1, ,1, ,
0, ,1, ,
1, ,1, ,
-1, ,-1, ,
1, ,1, ,
-1, ,1, ,
1, ,1, ,
1, ,1, ,
1, ,1, ,
-1, ,-1, ,
2, ,2, ,
-2, ,1, ,
1, ,1, ,
1, ,1, ,
1, ,1, ,
-1, ,-1, ,
2, ,1, ,
-1, ,-1, ,
0, ,1, ,
1, ,1, ,
2, ,2, ,
-1, ,-1, ,
1, ,1, ,
-1, ,-1, ,
0, ,1, ,
1, ,1, ,
1, ,2, ,
-1, ,-1, ,
3, ,2, ,
0, ,-1, ,
1, ,1, ,
1, ,1, ,
1, ,1, ,
-3, ,-1, ,
2, ,2, ,
-1, ,-1, ,
0, ,1, ,
0, ,1, ,
1, ,1, ,
-2, ,-1, ,
1, ,2, ,
-1, ,-1, ,
0, ,1, ,
0, ,1, ,
1, ,1, ,
-1, ,-1, ,
2, ,1, ,
-1, ,-1, ,
1, ,1, ,
0, ,1, ,
0, ,1, ,
-1, ,-1, ,
1, ,1, ,
0, ,1, ,
1, ,1, ,
0, ,1, ,
1, ,1, ,
-3, ,-1, ,
1, ,1, ,
-1, ,-1, ,
0, ,1, ,
0, ,1, ,
0, ,1, ,
-2, ,-1, ,
2, ,1, ,
-1, ,-1, ,
1, ,1, ,
1, ,1, ,
1, ,1, ,
-2, ,-1, ,
1, ,2, ,
-1, ,-1, ,
0, ,-1, ,
0, ,1, ,
1, ,1, ,
-1, ,-1, ,
1, ,1, ,
-2, ,-1, ,
0, ,1, ,
1, ,1, ,
1, ,1, ,
-1, ,-1, ,
2, ,1, ,
-1, ,-1, ,
0, ,1, ,
0, ,2, ,
1, ,1, ,
-2, ,-1, ,
2, ,1, ,
-1, ,-1, ,
1, ,1, ,
1, ,1, ,
1, ,2, ,
-2, ,-1, ,
2, ,2, ,
-1, ,-1, ,
1, ,1, ,
1, ,1, ,
1, ,2, ,
-1, ,-1, ,
2, ,2, ,
-1, ,1, ,
0, ,1, ,
1, ,1, ,
1, ,1, ,
-1, ,-1, ,
2, ,1, ,
-1, ,-1, ,
0, ,1, ,
1, ,1, ,
1, ,1, ,
-2, ,-1, ,
2, ,1, ,
-1, ,1, ,
0, ,1, ,
0, ,1, ,
1, ,1, ,
-2, ,-1, ,
2, ,2, ,
-1, ,-1, ,
1, ,1, ,
1, ,1, ,
1, ,1, ,
-2, ,-1, ,
1, ,1, ,
-1, ,-1, ,
0, ,1, ,
1, ,1, ,
1, ,1, ,
-2, ,-1, ,
1, ,1, ,
-1, ,-1, ,
0, ,1, ,
1, ,1, ,
1, ,1, ,
-1, ,-1, ,
1, ,1, ,
-2, ,-1, ,
0, ,1, ,
1, ,1, ,
2, ,1, ,
-1, ,-2, ,
1, ,1, ,
-1, ,-1, ,
0, ,-1, ,
1, ,1, ,
1, ,1, ,
-1, ,-1, ,
1, ,1, ,
-1, ,-1, ,
1, ,1, ,
1, ,1, ,
1, ,2, ,
-2, ,-1, ,
1, ,1, ,
-1, ,-1, ,
1, ,1, ,
1, ,1, ,
1, ,1, ,
-2, ,-1, ,
1, ,1, ,
-1, ,-1, ,
0, ,1, ,
1, ,1, ,
1, ,1, ,
-1, ,-1, ,
2, ,1, ,
-1, ,-1, ,
0, ,1, ,
1, ,1, ,
1, ,1, ,
-1, ,-2, ,
2, ,1, ,
-1, ,-1, ,
1, ,1, ,
1, ,1, ,
1, ,1, ,
-1, ,-1, ,
2, ,1, ,
0, ,-1, ,
1, ,1, ,
0, ,1, ,
1, ,1, ,
-1, ,-1, ,
2, ,1, ,
-1, ,-1, ,
0, ,1, ,
1, ,1, ,
0, ,1, ,
-2, ,-1, ,
1, ,1, ,
-1, ,-1, ,
1, ,1, ,
1, ,1, ,
1, ,1, ,
-1, ,-2, ,
1, ,1, ,
-1, ,-1, ,
0, ,1, ,
0, ,1, ,
1, ,1, ,
-2, ,-1, ,
2, ,1, ,
-1, ,-1, ,
0, ,1, ,
0, ,1, ,
0, ,1, ,
-2, ,-1, ,
2, ,1, ,
-1, ,-1, ,
1, ,1, ,
1, ,1, ,
1, ,1, ,
-2, ,-1, ,
1, ,1, ,
-1, ,-1, ,
1, ,1, ,
1, ,1, ,
2, ,1, ,
-1, ,-1, ,
1, ,1, ,
-1, ,-1, ,
0, ,1, ,
1, ,1, ,
1, ,1, ,
-1, ,-1, ,
2, ,1, ,
-2, ,-1, ,
0, ,1, ,
0, ,1, ,
1, ,1, ,
-2, ,-1, ,
2, ,1, ,
-1, ,-1, ,
0, ,1, ,
0, ,1, ,
1, ,2, ,
-2, ,-1, ,
1, ,1, ,
-2, ,-1, ,
0, ,1, ,
0, ,1, ,
0, ,1, ,
-2, ,-1, ,
2, ,1, ,
-1, ,-1, ,
0, ,1, ,
0, ,1, ,
1, ,1, ,
-2, ,-1, ,
1, ,2, ,
0, ,-1, ,
1, ,1, ,
0, ,1, ,
0, ,1, ,
-2, ,-2, ,
1, ,1, ,
-1, ,-1, ,
0, ,1, ,
2, ,1, ,
1, ,1, ,
-2, ,-2, ,
2, ,2, ,
-1, ,-1, ,
0, ,1, ,
0, ,1, ,
-1, ,1, ,
-4, ,-2, ,
0, ,1, ,
-2, ,-1, ,
0, ,1, ,
2, ,1, ,
2, ,1, ,
-2, ,-1, ,
2, ,1, ,
-1, ,-1, ,
1, ,1, ,
1, ,1, ,
1, ,1, ,
-2, ,-1, ,
1, ,1, ,
-1, ,-1, ,
0, ,-1, ,
1, ,1, ,
1, ,1, ,
-2, ,-1, ,
1, ,2, ,
-1, ,-1, ,
0, ,1, ,
0, ,1, ,
1, ,1, ,
-2, ,-2, ,
2, ,1, ,
-1, ,-1, ,
0, ,-1, ,
1, ,1, ,
1, ,1, ,
-2, ,-1, ,
2, ,1, ,
-1, ,-1, ,
1, ,1, ,
1, ,1, ,
1, ,1, ,
-2, ,-1, ,
1, ,1, ,
-1, ,-1, ,
0, ,1, ,
1, ,1, ,
1, ,1, ,
-1, ,-1, ,
1, ,1, ,
-1, ,-1, ,
0, ,72, ,
1, ,67, ,
2, ,43, ,
-1, ,25, ,
1, ,20, ,
-2, ,13, ,
0, ,10, ,
1, ,7, ,
2, ,6, ,
-1, ,3, ,
3, ,5, ,
0, ,2, ,
0, ,2, ,
0, ,3, ,
0, ,3, ,
-2, ,1, ,
3, ,3, ,
0, ,2, ,
1, ,3, ,
1, ,2, ,
0, ,2, ,
-2, ,1, ,
2, ,3, ,
-1, ,2, ,
1, ,2, ,
0, ,3, ,
2, ,2, ,
-1, ,2, ,
1, ,3, ,
-1, ,2, ,
0, ,2, ,
1, ,2, ,
1, ,2, ,
-1, ,2, ,
2, ,3, ,
-1, ,2, ,
0, ,3, ,
1, ,3, ,
2, ,2, ,
-1, ,2, ,
2, ,2, ,
-1, ,2, ,
1, ,3, ,
1, ,2, ,
2, ,2, ,
-1, ,1, ,
1, ,3, ,
-1, ,2, ,
0, ,2, ,
1, ,2, ,
1, ,2, ,
-2, ,2, ,
2, ,3, ,
-1, ,2, ,
1, ,2, ,
1, ,2, ,
1, ,2, ,
-2, ,1, ,
2, ,3, ,
0, ,2, ,
1, ,2, ,
1, ,2, ,
2, ,2, ,
-1, ,2, ,
2, ,2, ,
-2, ,2, ,
0, ,2, ,
1, ,2, ,
1, ,2, ,
-1, ,2, ,
2, ,3, ,
0, ,2, ,
0, ,2, ,
0, ,2, ,
1, ,2, ,
-1, ,2, ,
1, ,3, ,
-1, ,2, ,
0, ,2, ,
1, ,2, ,
0, ,2, ,
-1, ,2, ,
1, ,2, ,
-2, ,2, ,
1, ,2, ,
1, ,2, ,
1, ,2, ,
-2, ,2, ,
2, ,2, ,
-1, ,2, ,
0, ,2, ,
1, ,2, ,
2, ,2, ,
-2, ,2, ,
1, ,3, ,
-1, ,2, ,
1, ,2, ,
0, ,2, ,
0, ,2, ,
-2, ,2, ,
1, ,2, ,
-1, ,2, ,
0, ,2, ,
0, ,2, ,
1, ,2, ,
-2, ,2, ,
1, ,3, ,
-1, ,2, ,
0, ,1, ,
0, ,2, ,
0, ,2, ,
-2, ,2, ,
2, ,2, ,
-1, ,2, ,
0, ,2, ,
0, ,3, ,
0, ,2, ,
-3, ,1, ,
1, ,2, ,
-1, ,2, ,
1, ,2, ,
0, ,2, ,
0, ,2, ,
-2, ,1, ,
1, ,3, ,
-2, ,2, ,
0, ,2, ,
1, ,2, ,
1, ,2, ,
-1, ,2, ,
1, ,3, ,
-1, ,2, ,
0, ,1, ,
-1, ,3, ,
0, ,2, ,
-1, ,2, ,
2, ,3, ,
-1, ,2, ,
0, ,2, ,
0, ,2, ,
1, ,2, ,
-3, ,2, ,
1, ,3, ,
-1, ,2, ,
1, ,2, ,
0, ,2, ,
0, ,2, ,
-1, ,1, ,
1, ,2, ,
-1, ,2, ,
0, ,2, ,
1, ,2, ,
1, ,1, ,
-2, ,2, ,
2, ,2, ,
0, ,2, ,
1, ,2, ,
0, ,2, ,
1, ,2, ,
-2, ,2, ,
2, ,2, ,
-1, ,2, ,
1, ,2, ,
1, ,2, ,
1, ,2, ,
-1, ,2, ,
2, ,2, ,
-1, ,2, ,
1, ,2, ,
1, ,2, ,
2, ,2, ,
-1, ,1, ,
2, ,2, ,
-1, ,2, ,
1, ,2, ,
1, ,2, ,
1, ,2, ,
-1, ,1, ,
2, ,2, ,
-1, ,2, ,
1, ,2, ,
2, ,2, ,
1, ,1, ,
-2, ,1, ,
2, ,2, ,
0, ,2, ,
0, ,2, ,
0, ,2, ,
1, ,2, ,
-1, ,1, ,
1, ,2, ,
-2, ,2, ,
0, ,2, ,
1, ,2, ,
1, ,2, ,
-1, ,1, ,
1, ,2, ,
-1, ,2, ,
0, ,1, ,
1, ,2, ,
1, ,2, ,
-1, ,1, ,
2, ,2, ,
-1, ,1, ,
0, ,1, ,
1, ,2, ,
0, ,2, ,
-2, ,1, ,
1, ,2, ,
-1, ,2, ,
0, ,2, ,
0, ,2, ,
1, ,2, ,
-2, ,1, ,
1, ,2, ,
-1, ,1, ,
0, ,2, ,
1, ,2, ,
0, ,2, ,
-2, ,1, ,
1, ,2, ,
-1, ,2, ,
0, ,2, ,
0, ,2, ,
1, ,1, ,
-2, ,1, ,
1, ,2, ,
-1, ,1, ,
0, ,2, ,
0, ,2, ,
1, ,1, ,
-2, ,1, ,
1, ,2, ,
-1, ,2, ,
1, ,2, ,
0, ,2, ,
0, ,2, ,
-3, ,1, ,
1, ,2, ,
-1, ,1, ,
0, ,1, ,
0, ,2, ,
0, ,2, ,
-2, ,1, ,
1, ,2, ,
-2, ,2, ,
0, ,2, ,
0, ,2, ,
1, ,1, ,
-1, ,1, ,
1, ,2, ,
-2, ,2, ,
0, ,1, ,
-1, ,2, ,
0, ,2, ,
-2, ,1, ,
2, ,3, ,
-1, ,1, ,
0, ,2, ,
0, ,2, ,
1, ,1, ,
-2, ,1, ,
1, ,2, ,
-2, ,2, ,
1, ,1, ,
0, ,2, ,
0, ,2, ,
-2, ,1, ,
1, ,2, ,
-2, ,1, ,
0, ,2, ,
0, ,2, ,
1, ,1, ,
-2, ,1, ,
2, ,2, ,
-1, ,1, ,
0, ,1, ,
1, ,2, ,
0, ,2, ,
-2, ,1, ,
2, ,2, ,
-1, ,1, ,
0, ,1, ,
1, ,2, ,
1, ,1, ,
-1, ,1, ,
2, ,2, ,
-1, ,1, ,
1, ,2, ,
0, ,1, ,
1, ,1, ,
-1, ,1, ,
2, ,2, ,
-1, ,2, ,
1, ,1, ,
0, ,2, ,
1, ,1, ,
-2, ,1, ,
2, ,2, ,
-1, ,2, ,
1, ,2, ,
1, ,2, ,
0, ,1, ,
-2, ,1, ,
2, ,2, ,
-1, ,2, ,
1, ,1, ,
1, ,2, ,
2, ,2, ,
-1, ,1, ,
2, ,2, ,
-1, ,1, ,
0, ,1, ,
1, ,2, ,
1, ,1, ,
-1, ,1, ,
2, ,2, ,
-1, ,2, ,
0, ,1, ,
1, ,2, ,
2, ,1, ,
-2, ,1, ,
2, ,2, ,
-1, ,1, ,
1, ,1, ,
1, ,2, ,
1, ,1, ,
-1, ,1, ,
2, ,2, ,
-1, ,2, ,
0, ,2, ,
1, ,2, ,
1, ,1, ,
-2, ,1, ,
1, ,2, ,
-2, ,1, ,
1, ,1, ,
0, ,2, ,
1, ,1, ,
-2, ,1, ,
1, ,2, ,
-1, ,1, ,
0, ,2, ,
1, ,2, ,
1, ,1, ,
-2, ,1, ,
1, ,2, ,
-2, ,1, ,
0, ,1, ,
0, ,2, ,
0, ,1, ,
-2, ,1, ,
2, ,2, ,
-1, ,2, ,
0, ,1, ,
0, ,2, ,
0, ,1, ,
-2, ,1, ,
1, ,2, ,
0, ,2, ,
1, ,1, ,
1, ,2, ,
0, ,1, ,
-2, ,1, ,
1, ,2, ,
-1, ,1, ,
0, ,1, ,
1, ,2, ,
2, ,1, ,
-2, ,1, ,
1, ,1, ,
-2, ,1, ,
0, ,1, ,
0, ,2, ,
1, ,2, ,
-2, ,1, ,
2, ,2, ,
-1, ,2, ,
0, ,1, ,
1, ,1, ,
1, ,1, ,
-2, ,-1, ,
1, ,2, ,
-1, ,2, ,
1, ,1, ,
0, ,2, ,
1, ,1, ,
-2, ,-1, ,
2, ,2, ,
-1, ,1, ,
0, ,1, ,
1, ,2, ,
1, ,2, ,
-2, ,1, ,
1, ,1, ,
-1, ,1, ,
1, ,1, ,
1, ,2, ,
1, ,1, ,
-2, ,-1, ,
1, ,1, ,
-1, ,1, ,
0, ,2, ,
0, ,2, ,
1, ,2, ,
-2, ,-1, ,
2, ,2, ,
-1, ,1, ,
0, ,1, ,
0, ,2, ,
0, ,2, ,
-2, ,-1, ,
2, ,2, ,
-1, ,1, ,
1, ,1, ,
1, ,2, ,
0, ,1, ,
-1, ,-1, ,
2, ,2, ,
-1, ,1, ,
0, ,1, ,
1, ,2, ,
1, ,1, ,
-2, ,-1, ,
2, ,1, ,
-2, ,2, ,
-1, ,2, ,
1, ,2, ,
2, ,2, ,
-2, ,-1, ,
1, ,1, ,
-1, ,1, ,
-1, ,1, ,
0, ,1, ,
2, ,2, ,
-1, ,-1, ,
2, ,1, ,
0, ,1, ,
1, ,1, ,
0, ,2, ,
1, ,2, ,
-2, ,-1, ,
2, ,1, ,
-1, ,1, ,
0, ,1, ,
1, ,1, ,
0, ,2, ,
-2, ,-1, ,
1, ,1, ,
-1, ,1, ,
1, ,1, ,
0, ,2, ,
1, ,2, ,
-2, ,-1, ,
1, ,2, ,
-1, ,-1, ,
0, ,1, ,
1, ,1, ,
0, ,2, ,
-2, ,-1, ,
1, ,1, ,
-2, ,1, ,
-1, ,1, ,
0, ,2, ,
1, ,2, ,
-2, ,-1, ,
1, ,2, ,
-2, ,1, ,
0, ,1, ,
0, ,2, ,
0, ,1, ,
-2, ,-1, ,
1, ,2, ,
-1, ,1, ,
0, ,1, ,
1, ,2, ,
0, ,1, ,
-2, ,-1, ,
1, ,2, ,
-1, ,1, ,
1, ,1, ,
0, ,1, ,
0, ,1, ,
-2, ,-1, ,
1, ,1, ,
-1, ,1, ,
0, ,1, ,
1, ,1, ,
1, ,1, ,
-2, ,-1, ,
1, ,1, ,
-1, ,1, ,
0, ,1, ,
0, ,1, ,
1, ,1, ,
-2, ,-1, ,
2, ,2, ,
-1, ,1, ,
0, ,1, ,
0, ,2, ,
0, ,2, ,
-2, ,-1, ,
2, ,1, ,
-1, ,-1, ,
1, ,1, ,
1, ,1, ,
1, ,2, ,
-1, ,-1, ,
2, ,1, ,
-1, ,-1, ,
0, ,1, ,
0, ,1, ,
1, ,1, ,
-2, ,-1, ,
1, ,2, ,
-1, ,1, ,
1, ,1, ,
0, ,1, ,
1, ,1, ,
-1, ,-1, ,
1, ,1, ,
-1, ,1, ,
0, ,1, ,
1, ,1, ,
1, ,1, ,
-1, ,-1, ,
1, ,2, ,
-1, ,-1, ,
0, ,-1, ,
1, ,2, ,
1, ,1, ,
-1, ,-1, ,
2, ,1, ,
-1, ,1, ,
1, ,1, ,
1, ,1, ,
1, ,1, ,
-2, ,-1, ,
2, ,1, ,
0, ,-1, ,
1, ,1, ,
0, ,1, ,
0, ,1, ,
-2, ,-2, ,
2, ,2, ,
-1, ,-1, ,
-1, ,1, ,
1, ,2, ,
1, ,1, ,
-1, ,-1, ,
2, ,1, ,
-1, ,1, ,
0, ,1, ,
0, ,2, ,
1, ,1, ,
-1, ,-1, ,
2, ,1, ,
-1, ,-1, ,
1, ,-1, ,
0, ,1, ,
1, ,1, ,
-2, ,-1, ,
1, ,1, ,
-1, ,-1, ,
1, ,1, ,
1, ,1, ,
0, ,1, ,
-1, ,-1, ,
1, ,1, ,
-1, ,1, ,
1, ,1, ,
0, ,1, ,
1, ,1, ,
-2, ,-1, ,
1, ,2, ,
-1, ,-1, ,
0, ,1, ,
0, ,1, ,
0, ,1, ,
-2, ,-1, ,
1, ,1, ,
-1, ,-1, ,
0, ,1, ,
0, ,1, ,
1, ,1, ,
-1, ,-1, ,
1, ,1, ,
-1, ,-1, ,
0, ,1, ,
0, ,1, ,
1, ,1, ,
-2, ,-1, ,
1, ,1, ,
-2, ,-1, ,
0, ,1, ,
0, ,-1, ,
0, ,1, ,
-2, ,-1, ,
1, ,2, ,
-1, ,-1, ,
0, ,1, ,
0, ,1, ,
0, ,1, ,
-2, ,-1, ,
1, ,1, ,
-2, ,1, ,
0, ,1, ,
0, ,1, ,
1, ,1, ,
-1, ,-1, ,
1, ,2, ,
-2, ,1, ,
-1, ,1, ,
0, ,1, ,
1, ,1, ,
-2, ,-1, ,
1, ,2, ,
-1, ,1, ,
-1, ,1, ,
0, ,1, ,
0, ,2, ,
-2, ,-1, ,
1, ,1, ,
-1, ,-1, ,
0, ,1, ,
0, ,1, ,
0, ,2, ,
-1, ,-1, ,
2, ,2, ,
-1, ,-1, ,
0, ,1, ,
0, ,1, ,
1, ,1, ,
-2, ,-1, ,
1, ,2, ,
-1, ,-1, ,
1, ,1, ,
1, ,1, ,
0, ,1, ,
-2, ,-1, ,
1, ,1, ,
-1, ,1, ,
0, ,1, ,
1, ,1, ,
1, ,1, ,
-2, ,-2, ,
2, ,2, ,
-1, ,1, ,
0, ,1, ,
1, ,1, ,
2, ,1, ,
-1, ,-1, ,
1, ,1, ,
-1, ,-1, ,
0, ,1, ,
0, ,1, ,
1, ,1, ,
-1, ,-1, ,
1, ,1, ,
-1, ,-1, ,
1, ,1, ,
1, ,1, ,
0, ,1, ,
-2, ,-1, ,
1, ,1, ,
-1, ,1, ,
0, ,1, ,
1, ,1, ,
2, ,1, ,
0, ,-1, ,
2, ,1, ,
-1, ,-1, ,
0, ,1, ,
0, ,-1, ,
1, ,1, ,
-1, ,-1, ,
2, ,1, ,
-1, ,-1, ,
0, ,1, ,
0, ,1, ,
0, ,1, ,
-1, ,-1, ,
1, ,2, ,
0, ,-1, ,
1, ,-1, ,
1, ,1, ,
1, ,1, ,
-1, ,-1, ,
2, ,1, ,
-1, ,-1, ,
0, ,1, ,
0, ,1, ,
1, ,1, ,
-2, ,-1, ,
2, ,2, ,
-1, ,-1, ,
1, ,1, ,
1, ,1, ,
0, ,1, ,
-2, ,-1, ,
1, ,1, ,
-1, ,1, ,
1, ,1, ,
0, ,1, ,
2, ,1, ,
-1, ,-1, ,
1, ,1, ,
-1, ,-1, ,
0, ,1, ,
0, ,1, ,
1, ,1, ,
-1, ,-1, ,
1, ,1, ,
-1, ,-1, ,
0, ,1, ,
0, ,1, ,
1, ,2, ,
-2, ,-1, ,
1, ,1, ,
-2, ,-1, ,
1, ,1, ,
0, ,1, ,
0, ,1, ,
-2, ,-1, ,
1, ,1, ,
-2, ,-1, ,
0, ,1, ,
1, ,1, ,
1, ,1, ,
-2, ,-1, ,
1, ,1, ,
-2, ,-1, ,
0, ,1, ,
0, ,1, ,
1, ,1, ,
-1, ,-1, ,
2, ,1, ,
-1, ,-1, ,
0, ,1, ,
1, ,1, ,
1, ,1, ,
-2, ,-1, ,
1, ,1, ,
-1, ,-1, ,
1, ,1, ,
0, ,1, ,
0, ,1, ,
-1, ,-1, ,
1, ,1, ,
-1, ,-1, ,
0, ,1, ,
0, ,1, ,
1, ,1, ,
-2, ,-1, ,
2, ,1, ,
-1, ,-1, ,
1, ,1, ,
1, ,1, ,
0, ,1, ,
-1, ,-2, ,
1, ,1, ,
-1, ,-1, ,
0, ,1, ,
0, ,1, ,
1, ,1, ,
-2, ,-1, ,
1, ,1, ,
-2, ,-1, ,
0, ,1, ,
0, ,1, ,
0, ,1, ,
-2, ,-1, ,
1, ,1, ,
-1, ,-1, ,
0, ,1, ,
0, ,1, ,
0, ,1, ,
-2, ,-1, ,
1, ,1, ,
-1, ,-1, ,
1, ,1, ,
1, ,1, ,
0, ,1, ,
-2, ,-1, ,
1, ,1, ,
-1, ,-1, ,
1, ,1, ,
1, ,1, ,
1, ,1, ,
-2, ,-1, ,
2, ,1, ,
-1, ,-1, ,
0, ,-1, ,
0, ,1, ,
1, ,1, ,
-1, ,-2, ,
2, ,1, ,
-1, ,-1, ,
0, ,1, ,
0, ,1, ,
0, ,1, ,
-1, ,-1, ,
1, ,1, ,
-2, ,-1, ,
1, ,1, ,
0, ,1, ,
1, ,1, ,
-1, ,-1, ,
2, ,1, ,
-1, ,1, ,
0, ,1, ,
0, ,1, ,
1, ,1, ,
-2, ,1, ,
2, ,1, ,
-1, ,1, ,
0, ,1, ,
0, ,1, ,
0, ,1, ,
-2, ,1, ,
2, ,2, ,
-1, ,1, ,
0, ,1, ,
0, ,1, ,
1, ,1, ,
-1, ,-1, ,
2, ,1, ,
-1, ,1, ,
0, ,1, ,
1, ,1, ,
1, ,1, ,
-1, ,-1, ,
2, ,1, ,
-1, ,1, ,
0, ,1, ,
0, ,1, ,
1, ,1, ,
-1, ,1, ,
1, ,1, ,
-1, ,1, ,
1, ,1, ,
0, ,1, ,
0, ,1, ,
-1, ,1, ,
1, ,1, ,
-1, ,1, ,
0, ,1, ,
1, ,1, ,
1, ,1, ,
-1, ,1, ,
1, ,2, ,
-2, ,1, ,
0, ,1, ,
0, ,1, ,
1, ,1, ,
-1, ,-1, ,
2, ,2, ,
-1, ,1, ,
-1, ,1, ,
1, ,1, ,
1, ,1, ,
-2, ,1, ,
1, ,1, ,
-1, ,1, ,
1, ,1, ,
1, ,1, ,
1, ,1, ,
-1, ,1, ,
2, ,1, ,
-1, ,1, ,
0, ,1, ,
0, ,1, ,
1, ,1, ,
-1, ,1, ,
2, ,2, ,
-1, ,1, ,
0, ,1, ,
0, ,1, ,
0, ,1, ,
-1, ,-1, ,
1, ,1, ,
-1, ,1, ,
0, ,-1, ,
0, ,1, ,
1, ,1, ,
-1, ,1, ,
1, ,2, ,
-1, ,1, ,
0, ,1, ,
0, ,1, ,
1, ,1, ,
-1, ,-1, ,
1, ,1, ,
0, ,1, ,
0, ,1, ,
0, ,1, ,
0, ,1, ,
-1, ,-1, ,
2, ,2, ,
0, ,1, ,
2, ,1, ,
0, ,1, ,
0, ,1, ,
-1, ,-1, ,
1, ,1, ,
-1, ,1, ,
0, ,1, ,
1, ,1, ,
0, ,1, ,
-2, ,1, ,
1, ,1, ,
-1, ,1, ,
1, ,1, ,
0, ,1, ,
1, ,1, ,
-1, ,-1, ,
1, ,2, ,
-1, ,1, ,
0, ,1, ,
1, ,1, ,
0, ,1, ,
-2, ,1, ,
1, ,1, ,
-1, ,1, ,
1, ,1, ,
1, ,1, ,
0, ,1, ,
-1, ,-1, ,
1, ,1, ,
-2, ,1, ,
0, ,1, ,
0, ,1, ,
1, ,1, ,
-1, ,1, ,
1, ,1, ,
-1, ,1, ,
0, ,1, ,
1, ,1, ,
0, ,1, ,
-2, ,-1, ,
0, ,1, ,
-3, ,1, ,
-1, ,1, ,
-1, ,1, ,
0, ,1, ,
-1, ,1, ,
2, ,1, ,
-1, ,1, ,
1, ,1, ,
0, ,1, ,
0, ,1, ,
-2, ,-1, ,
2, ,1, ,
-1, ,1, ,
0, ,1, ,
0, ,1, ,
0, ,1, ,
-2, ,-1, ,
1, ,1, ,
-1, ,1, ,
1, ,1, ,
0, ,1, ,
0, ,1, ,
-2, ,-1, ,
1, ,1, ,
-1, ,1, ,
0, ,1, ,
1, ,1, ,
1, ,1, ,
-1, ,-1, ,
1, ,2, ,
-2, ,1, ,
0, ,1, ,
1, ,1, ,
2, ,1, ,
-1, ,-1, ,
2, ,1, ,
-1, ,1, ,
0, ,1, ,
0, ,1, ,
1, ,1, ,
-2, ,-1, ,
1, ,1, ,
-1, ,1, ,
1, ,1, ,
1, ,1, ,
1, ,1, ,
-2, ,-1, ,
2, ,1, ,
-1, ,-1, ,
0, ,1, ,
0, ,1, ,
1, ,1, ,
-1, ,-1, ,
2, ,1, ,
-1, ,1, ,
1, ,1, ,
1, ,1, ,
0, ,1, ,
-2, ,-1, ,
1, ,1, ,
-1, ,1, ,
1, ,1, ,
1, ,1, ,
1, ,1, ,
-1, ,-1, ,
1, ,1, ,
-1, ,-1, ,
1, ,1, ,
1, ,1, ,
1, ,1, ,
0, ,-1, ,
2, ,1, ,
-1, ,-1, ,
0, ,1, ,
0, ,1, ,
1, ,1, ,
-1, ,-1, ,
2, ,1, ,
0, ,-1, ,
0, ,1, ,
1, ,1, ,
1, ,1, ,
-2, ,-1, ,
1, ,1, ,
0, ,-1, ,
1, ,1, ,
0, ,1, ,
1, ,1, ,
-1, ,-1, ,
1, ,1, ,
-1, ,-1, ,
0, ,1, ,
0, ,1, ,
1, ,1, ,
-2, ,-1, ,
2, ,1, ,
-1, ,-1, ,
0, ,1, ,
0, ,1, ,
0, ,1, ,
-2, ,-1, ,
2, ,1, ,
-1, ,-1, ,
1, ,1, ,
1, ,1, ,
0, ,1, ,
-1, ,-2, ,
2, ,1, ,
-1, ,-1, ,
1, ,1, ,
1, ,1, ,
2, ,1, ,
-1, ,-2, ,
1, ,1, ,
-1, ,-1, ,
0, ,1, ,
1, ,1, ,
2, ,1, ,
-2, ,-1, ,
1, ,1, ,
0, ,-1, ,
1, ,-1, ,
1, ,1, ,
2, ,1, ,
-1, ,-1, ,
1, ,1, ,
-1, ,-1, ,
0, ,1, ,
1, ,1, ,
0, ,1, ,
-1, ,-1, ,
2, ,1, ,
-1, ,-1, ,
0, ,-1, ,
0, ,1, ,
1, ,1, ,
-2, ,-1, ,
1, ,1, ,
-1, ,-1, ,
0, ,1, ,
0, ,1, ,
0, ,1, ,
-3, ,-2, ,
1, ,1, ,
-2, ,-1, ,
1, ,1, ,
1, ,1, ,
0, ,1, ,
-2, ,-1, ,
2, ,1, ,
-1, ,-1, ,
0, ,1, ,
-1, ,1, ,
0, ,1, ,
-2, ,-1, ,
1, ,1, ,
-1, ,-1, ,
-1, ,1, ,
0, ,1, ,
0, ,1, ,
-2, ,-1, ,
1, ,1, ,
-1, ,-1, ,
1, ,1, ,
0, ,1, ,
0, ,1, ,
-2, ,-2, ,
1, ,1, ,
-2, ,-1, ,
0, ,1, ,
0, ,1, ,
0, ,1, ,
-2, ,-2, ,
1, ,1, ,
-1, ,-1, ,
0, ,1, ,
0, ,1, ,
0, ,1, ,
-2, ,-1, ,
2, ,1, ,
-1, ,-1, ,
0, ,-1, ,
1, ,-1, ,
1, ,1, ,
-1, ,-1, ,
1, ,1, ,
-1, ,-1, ,
0, ,-1, ,
0, ,-1, ,
1, ,1, ,
-1, ,-1, ,
1, ,1, ,
-1, ,-1, ,
0, ,1, ,
0, ,1, ,
0, ,1, ,
-1, ,-1, ,
3, ,1, ,
-2, ,-1, ,
0, ,1, ,
0, ,1, ,
1, ,1, ,
-2, ,-2, ,
2, ,1, ,
-1, ,-1, ,
1, ,1, ,
2, ,1, ,
1, ,1, ,
-2, ,-1, ,
1, ,1, ,
-2, ,-1, ,
0, ,-1, ,
1, ,1, ,
1, ,1, ,
-1, ,-2, ,
2, ,1, ,
0, ,-1, ,
0, ,1, ,
1, ,-1, ,
1, ,1, ,
-1, ,-1, ,
2, ,2, ,
0, ,-1, ,
1, ,1, ,
1, ,1, ,
0, ,1, ,
-2, ,-1, ,
1, ,1, ,
-1, ,-1, ,
0, ,1, ,
1, ,1, ,
1, ,1, ,
-2, ,-1, ,
1, ,1, ,
0, ,-1, ,
0, ,1, ,
1, ,1, ,
1, ,1, ,
-1, ,-1, ,
2, ,1, ,
-1, ,-1, ,
0, ,1, ,
1, ,1, ,
2, ,1, ,
-2, ,-1, ,
1, ,1, ,
-2, ,-1, ,
0, ,-1, ,
1, ,1, ,
1, ,1, ,
-2, ,-1, ,
1, ,1, ,
-1, ,-1, ,
0, ,-1, ,
0, ,1, ,
1, ,1, ,
-2, ,-1, ,
1, ,1, ,
-1, ,-1, ,
1, ,1, ,
0, ,1, ,
0, ,1, ,
-2, ,-1, ,
1, ,1, ,
-1, ,-1, ,
0, ,1, ,
0, ,1, ,
1, ,1, ,
-3, ,-1, ,
1, ,1, ,
-2, ,-1, ,
0, ,1, ,
0, ,1, ,
1, ,1, ,
-1, ,-2, ,
2, ,1, ,
-1, ,-1, ,
-1, ,1, ,
0, ,1, ,
0, ,1, ,
-2, ,-1, ,
1, ,1, ,
-1, ,1, ,
0, ,1, ,
0, ,1, ,
0, ,1, ,
-2, ,-1, ,
1, ,1, ,
-2, ,-1, ,
0, ,-1, ,
0, ,1, ,
0, ,1, ,
-2, ,-1, ,
1, ,1, ,
-1, ,-1, ,
0, ,-1, ,
0, ,1, ,
0, ,1, ,
-2, ,-2, ,
1, ,1, ,
-1, ,-1, ,
0, ,1, ,
0, ,1, ,
0, ,1, ,
-2, ,-2, ,
1, ,1, ,
-1, ,-1, ,
0, ,1, ,
1, ,1, ,
0, ,1, ,
-2, ,-2, ,
1, ,1, ,
0, ,-1, ,
0, ,1, ,
0, ,1, ,
1, ,1, ,
-2, ,-1, ,
2, ,1, ,
-1, ,-1, ,
0, ,1, ,
0, ,1, ,
0, ,1, ,
-2, ,-1, ,
1, ,1, ,
-1, ,-1, ,
0, ,1, ,
1, ,1, ,
1, ,1, ,
-1, ,-1, ,
2, ,1, ,
-2, ,-1, ,
1, ,-1, ,
1, ,1, ,
2, ,2, ,
-1, ,-2, ,
2, ,2, ,
-1, ,-1, ,
-1, ,1, ,
1, ,-1, ,
1, ,1, ,
-2, ,-1, ,
2, ,1, ,
-1, ,-1, ,
0, ,-1, ,
0, ,1, ,
0, ,1, ,
-1, ,-2, ,
2, ,1, ,
-1, ,-1, ,
1, ,1, ,
1, ,1, ,
1, ,1, ,
-2, ,-1, ,
2, ,1, ,
-1, ,-1, ,
1, ,-1, ,
1, ,1, ,
0, ,1, ,
-1, ,-1, ,
1, ,1, ,
-1, ,-1, ,
0, ,-1, ,
1, ,1, ,
1, ,1, ,
-1, ,-2, ,
2, ,1, ,
-1, ,-1, ,
1, ,1, ,
0, ,1, ,
2, ,1, ,
-2, ,-1, ,
2, ,1, ,
-1, ,-1, ,
0, ,1, ,
0, ,1, ,
1, ,1, ,
-2, ,-1, ,
1, ,1, ,
-1, ,-1, ,
0, ,-1, ,
0, ,1, ,
0, ,1, ,
-3, ,-2, ,
2, ,1, ,
0, ,-1, ,
1, ,1, ,
2, ,1, ,
1, ,1, ,
-1, ,-1, ,
2, ,1, ,
-1, ,-1, ,
0, ,-1, ,
0, ,1, ,
1, ,1, ,
-1, ,-1, ,
1, ,1, ,
-1, ,-1, ,
0, ,1, ,
0, ,1, ,
0, ,1, ,
-2, ,-1, ,
2, ,1, ,
-1, ,-1, ,
1, ,1, ,
1, ,-1, ,
0, ,1, ,
-2, ,-2, ,
1, ,1, ,
-1, ,-1, ,
0, ,1, ,
0, ,1, ,
1, ,1, ,
-2, ,-2, ,
2, ,1, ,
-1, ,-1, ,
0, ,-1, ,
0, ,-1, ,
1, ,1, ,
-2, ,-2, ,
1, ,1, ,
-1, ,-1, ,
0, ,1, ,
0, ,-1, ,
0, ,1, ,
-1, ,-2, ,
1, ,1, ,
-1, ,-1, ,
1, ,-1, ,
1, ,1, ,
1, ,1, ,
-2, ,-2, ,
2, ,1, ,
-1, ,-1, ,
0, ,-1, ,
1, ,1, ,
1, ,1, ,
-1, ,-2, ,
1, ,1, ,
0, ,-1, ,
1, ,-1, ,
0, ,-1, ,
1, ,1, ,
-2, ,-2, ,
1, ,1, ,
-1, ,-1, ,
0, ,1, ,
1, ,1, ,
1, ,1, ,
-2, ,-1, ,
2, ,1, ,
-2, ,-1, ,
0, ,-1, ,
0, ,1, ,
2, ,1, ,
-1, ,-1, ,
1, ,1, ,
-1, ,-1, ,
0, ,1, ,
1, ,-1, ,
2, ,1, ,
-2, ,-1, ,
2, ,1, ,
-1, ,-1, ,
1, ,1, ,
1, ,1, ,
2, ,1, ,
-2, ,-2, ,
2, ,1, ,
-2, ,-1, ,
0, ,1, ,
0, ,1, ,
1, ,1, ,
-1, ,-1, ,
2, ,1, ,
-1, ,-1, ,
-1, ,1, ,
0, ,1, ,
1, ,1, ,
-1, ,-1, ,
1, ,1, ,
-1, ,-1, ,
1, ,1, ,
1, ,1, ,
1, ,1, ,
-2, ,-2, ,
2, ,1, ,
-1, ,-1, ,
0, ,1, ,
0, ,1, ,
1, ,1, ,
-2, ,-2, ,
1, ,1, ,
-1, ,-1, ,
0, ,-1, ,
0, ,1, ,
1, ,1, ,
-2, ,-1, ,
1, ,1, ,
-1, ,-1, ,
1, ,1, ,
1, ,1, ,
0, ,1, ,
-2, ,-2, ,
1, ,1, ,
-1, ,-1, ,
1, ,1, ,
1, ,1, ,
1, ,1, ,
-2, ,-1, ,
1, ,1, ,
-2, ,-1, ,
0, ,1, ,
0, ,1, ,
2, ,1, ,
-2, ,-2, ,
2, ,1, ,
-1, ,-1, ,
0, ,1, ,
0, ,1, ,
0, ,1, ,
-2, ,-1, ,
1, ,1, ,
-1, ,-1, ,
0, ,-1, ,
0, ,-1, ,
0, ,1, ,
-2, ,-2, ,
1, ,1, ,
-1, ,-1, ,
0, ,1, ,
1, ,-1, ,
1, ,1, ,
-2, ,-2, ,
1, ,1, ,
-1, ,-1, ,
0, ,1, ,
0, ,1, ,
1, ,1, ,
-2, ,-1, ,
2, ,1, ,
-2, ,-1, ,
-1, ,1, ,
0, ,1, ,
1, ,1, ,
-2, ,-2, ,
1, ,1, ,
-1, ,-1, ,
0, ,1, ,
1, ,1, ,
1, ,1, ,
-2, ,-2, ,
2, ,1, ,
0, ,-1, ,
0, ,1, ,
1, ,1, ,
1, ,1, ,
-2, ,-2, ,
1, ,1, ,
-1, ,-1, ,
0, ,1, ,
0, ,1, ,
0, ,1, ,
-2, ,-2, ,
1, ,1, ,
-2, ,-1, ,
1, ,1, ,
1, ,1, ,
1, ,1, ,
-2, ,-2, ,
2, ,1, ,
-1, ,-1, ,
0, ,1, ,
0, ,1, ,
0, ,1, ,
-1, ,-2, ,
2, ,1, ,
0, ,-1, ,
1, ,-1, ,
1, ,1, ,
1, ,1, ,
-1, ,-1, ,
2, ,1, ,
0, ,-1, ,
0, ,1, ,
1, ,1, ,
2, ,1, ,
-1, ,-1, ,
1, ,1, ,
0, ,-1, ,
0, ,1, ,
1, ,1, ,
1, ,1, ,
-1, ,-1, ,
1, ,1, ,
-1, ,-1, ,
0, ,1, ,
1, ,1, ,
0, ,1, ,
-2, ,-2, ,
2, ,1, ,
-1, ,-1, ,
0, ,1, ,
1, ,1, ,
2, ,1, ,
-1, ,-2, ,
1, ,1, ,
-1, ,-1, ,
0, ,1, ,
1, ,1, ,
1, ,1, ,
-2, ,-1, ,
2, ,1, ,
-1, ,-1, ,
0, ,-1, ,
1, ,1, ,
1, ,1, ,
-1, ,-1, ,
2, ,1, ,
-1, ,-1, ,
0, ,-1, ,
0, ,1, ,
1, ,1, ,
-2, ,-2, ,
2, ,1, ,
-1, ,-1, ,
0, ,-1, ,
1, ,1, ,
1, ,1, ,
-2, ,-2, ,
1, ,1, ,
-2, ,-1, ,
0, ,-1, ,
0, ,1, ,
1, ,1, ,
-1, ,-2, ,
1, ,1, ,
0, ,-1, ,
0, ,1, ,
0, ,1, ,
0, ,1, ,
-2, ,-1, ,
1, ,1, ,
-1, ,-1, ,
1, ,-1, ,
0, ,1, ,
-1, ,1, ,
-3, ,-2, ,
1, ,1, ,
-1, ,-1, ,
0, ,1, ,
1, ,1, ,
0, ,1, ,
-2, ,-1, ,
1, ,1, ,
-1, ,-1, ,
1, ,-1, ,
0, ,1, ,
1, ,1, ,
-2, ,-1, ,
1, ,1, ,
-1, ,-1, ,
1, ,1, ,
0, ,1, ,
0, ,1, ,
-2, ,-2, ,
2, ,2, ,
-2, ,-1, ,
0, ,1, ,
1, ,1, ,
0, ,1, ,
-2, ,-2, ,
1, ,1, ,
-1, ,-1, ,
0, ,1, ,
0, ,1, ,
1, ,1, ,
-2, ,-2, ,
1, ,1, ,
-2, ,-1, ,
0, ,-1, ,
1, ,1, ,
0, ,-1, ,
-2, ,-2, ,
1, ,1, ,
-2, ,-1, ,
-1, ,1, ,
1, ,1, ,
1, ,1, ,
-1, ,-1, ,
2, ,1, ,
-1, ,1, ,
0, ,1, ,
1, ,1, ,
1, ,1, ,
-1, ,-2, ,
2, ,1, ,
-1, ,-1, ,
0, ,-1, ,
0, ,1, ,
1, ,1, ,
-2, ,-1, ,
2, ,1, ,
-1, ,-1, ,
1, ,-1, ,
0, ,1, ,
0, ,1, ,
-1, ,-2, ,
2, ,1, ,
-1, ,-1, ,
1, ,1, ,
1, ,1, ,
1, ,1, ,
-1, ,-2, ,
1, ,1, ,
-1, ,-1, ,
1, ,1, ,
1, ,1, ,
1, ,1, ,
-2, ,-2, ,
1, ,1, ,
-2, ,-1, ,
0, ,1, ,
1, ,1, ,
1, ,1, ,
-2, ,-2, ,
2, ,1, ,
0, ,-1, ,
1, ,1, ,
1, ,1, ,
1, ,1, ,
-1, ,-2, ,
2, ,1, ,
-1, ,-1, ,
0, ,1, ,
1, ,1, ,
1, ,1, ,
-1, ,-1, ,
1, ,1, ,
-1, ,-1, ,
1, ,1, ,
0, ,1, ,
0, ,1, ,
-2, ,-1, ,
1, ,1, ,
-1, ,-1, ,
1, ,1, ,
1, ,1, ,
1, ,1, ,
-1, ,-2, ,
1, ,1, ,
-2, ,-1, ,
0, ,1, ,
1, ,1, ,
1, ,1, ,
-2, ,-1, ,
1, ,1, ,
-2, ,-1, ,
-1, ,1, ,
0, ,1, ,
1, ,1, ,
-2, ,-1, ,
1, ,1, ,
-1, ,-1, ,
1, ,-1, ,
1, ,1, ,
0, ,1, ,
-2, ,-1, ,
2, ,1, ,
-1, ,-1, ,
1, ,1, ,
1, ,1, ,
1, ,1, ,
-2, ,-1, ,
1, ,1, ,
-2, ,-1, ,
0, ,1, ,
1, ,1, ,
1, ,1, ,
-2, ,-1, ,
2, ,1, ,
-1, ,-1, ,
0, ,1, ,
0, ,1, ,
1, ,1, ,
-1, ,-2, ,
1, ,1, ,
0, ,-1, ,
0, ,1, ,
1, ,1, ,
0, ,1, ,
-2, ,-1, ,
1, ,1, ,
-2, ,-1, ,
-1, ,-1, ,
0, ,1, ,
0, ,1, ,
-1, ,-2, ,
1, ,1, ,
-1, ,-1, ,
1, ,-1, ,
1, ,1, ,
0, ,1, ,
-3, ,-1, ,
1, ,1, ,
-1, ,-1, ,
1, ,-1, ,
1, ,-1, ,
1, ,1, ,
-1, ,-1, ,
1, ,2, ,
-2, ,-1, ,
0, ,-1, ,
1, ,1, ,
1, ,1, ,
-2, ,-2, ,
2, ,1, ,
-1, ,-1, ,
0, ,1, ,
1, ,-1, ,
1, ,-1, ,
-2, ,-2, ,
2, ,1, ,
0, ,-1, ,
1, ,1, ,
1, ,1, ,
1, ,1, ,
-2, ,-2, ,
2, ,1, ,
-2, ,-1, ,
-1, ,1, ,
0, ,1, ,
1, ,1, ,
-2, ,-1, ,
1, ,1, ,
-1, ,-1, ,
0, ,1, ,
1, ,1, ,
1, ,1, ,
-1, ,-2, ,
2, ,1, ,
-1, ,-1, ,
0, ,-1, ,
0, ,1, ,
1, ,1, ,
-2, ,-2, ,
1, ,1, ,
-1, ,-1, ,
1, ,1, ,
1, ,1, ,
0, ,1, ,
-1, ,-2, ,
2, ,1, ,
-1, ,-1, ,
0, ,1, ,
0, ,1, ,
1, ,1, ,
-2, ,-2, ,
1, ,1, ,
-1, ,-1, ,
1, ,1, ,
0, ,1, ,
0, ,1, ,
-2, ,-2, ,
1, ,1, ,
-1, ,-1, ,
0, ,-1, ,
1, ,1, ,
1, ,1, ,
-2, ,-2, ,
1, ,1, ,
-2, ,-1, ,
0, ,1, ,
0, ,1, ,
1, ,1, ,
-1, ,-2, ,
2, ,1, ,
-1, ,-1, ,
-1, ,1, ,
0, ,1, ,
1, ,1, ,
-2, ,-1, ,
1, ,1, ,
-1, ,-1, ,
1, ,1, ,
1, ,-1, ,
0, ,1, ,
-1, ,-2, ,
1, ,1, ,
-1, ,-1, ,
0, ,1, ,
1, ,1, ,
1, ,1, ,
-1, ,-2, ,
2, ,1, ,
-1, ,-1, ,
0, ,1, ,
1, ,1, ,
1, ,1, ,
-2, ,-2, ,
2, ,1, ,
-1, ,-1, ,
1, ,1, ,
1, ,-1, ,
1, ,1, ,
-2, ,-2, ,
2, ,1, ,
-1, ,-1, ,
0, ,-1, ,
1, ,-1, ,
0, ,1, ,
-2, ,-2, ,
2, ,1, ,
-1, ,-1, ,
-1, ,1, ,
0, ,1, ,
1, ,1, ,
-2, ,-2, ,
2, ,1, ,
-1, ,-1, ,
0, ,1, ,
0, ,1, ,
0, ,1, ,
-2, ,-1, ,
2, ,1, ,
-1, ,-1, ,
1, ,1, ,
1, ,1, ,
1, ,1, ,
-2, ,-1, ,
2, ,1, ,
-1, ,-1, ,
1, ,1, ,
0, ,1, ,
1, ,1, ,
-1, ,-2, ,
2, ,1, ,
-1, ,-1, ,
0, ,1, ,
0, ,1, ,
1, ,1, ,
-2, ,-1, ,
2, ,1, ,
-1, ,-1, ,
0, ,-1, ,
1, ,1, ,
0, ,-1, ,
-2, ,-2, ,
1, ,1, ,
-1, ,-1, ,
0, ,1, ,
0, ,1, ,
1, ,1, ,
-2, ,-2, ,
1, ,1, ,
-1, ,-1, ,
1, ,1, ,
1, ,-1, ,
1, ,1, ,
0, ,-2, ,
2, ,1, ,
-1, ,-1, ,
0, ,-1, ,
0, ,1, ,
2, ,1, ,
-2, ,-2, ,
1, ,1, ,
-1, ,-1, ,
1, ,-1, ,
1, ,1, ,
0, ,1, ,
-2, ,-2, ,
2, ,1, ,
-1, ,-1, ,
0, ,1, ,
1, ,1, ,
1, ,1, ,
-1, ,-2, ,
1, ,1, ,
-1, ,-1, ,
1, ,-1, ,
0, ,1, ,
0, ,1, ,
-2, ,-2, ,
2, ,1, ,
-1, ,-1, ,
1, ,-1, ,
1, ,-1, ,
1, ,1, ,
-2, ,-1, ,
2, ,1, ,
-1, ,-1, ,
0, ,-1, ,
0, ,-1, ,
1, ,1, ,
-1, ,-1, ,
1, ,1, ,
-2, ,-1, ,
-1, ,1, ,
-1, ,1, ,
0, ,1, ,
-2, ,-1, ,
2, ,1, ,
0, ,-1, ,
1, ,1, ,
1, ,-1, ,
1, ,1, ,
-1, ,-1, ,
1, ,1, ,
-1, ,-1, ,
0, ,1, ,
1, ,1, ,
1, ,-1, ,
-2, ,-2, ,
1, ,1, ,
-1, ,-1, ,
0, ,1, ,
1, ,1, ,
1, ,1, ,
-2, ,-1, ,
1, ,1, ,
-2, ,-1, ,
0, ,-1, ,
0, ,1, ,
1, ,1, ,
-1, ,-1, ,
1, ,1, ,
-2, ,-1, ,
0, ,1, ,
1, ,-1, ,
1, ,-1, ,
-1, ,-2, ,
2, ,1, ,
-1, ,-1, ,
0, ,-1, ,
0, ,1, ,
1, ,1, ,
-2, ,-2, ,
2, ,1, ,
-1, ,-1, ,
1, ,1, ,
0, ,1, ,
0, ,1, ,
-2, ,-1, ,
2, ,1, ,
-1, ,-1, ,
1, ,1, ,
1, ,1, ,
1, ,1, ,
-1, ,-2, ,
2, ,1, ,
-1, ,-1, ,
1, ,1, ,
1, ,1, ,
1, ,1, ,
-1, ,-2, ,
2, ,1, ,
-1, ,-1, ,
0, ,-1, ,
0, ,1, ,
1, ,1, ,
-2, ,-1, ,
2, ,1, ,
0, ,-1, ,
1, ,-1, ,
0, ,1, ,
0, ,1, ,
-1, ,-2, ,
2, ,1, ,
0, ,-1, ,
0, ,-1, ,
1, ,1, ,
1, ,1, ,
-2, ,-2, ,
1, ,1, ,
-1, ,-1, ,
0, ,1, ,
1, ,1, ,
1, ,1, ,
-2, ,-1, ,
2, ,1, ,
-1, ,-1, ,
1, ,-1, ,
0, ,1, ,
2, ,1, ,
-1, ,-2, ,
2, ,1, ,
-1, ,-1, ,
0, ,1, ,
0, ,1, ,
1, ,1, ,
-1, ,-2, ,
1, ,1, ,
-2, ,-1, ,
0, ,1, ,
1, ,1, ,
1, ,1, ,
-2, ,-1, ,
1, ,1, ,
-1, ,-1, ,
1, ,1, ,
0, ,1, ,
0, ,1, ,
-1, ,-2, ,
2, ,1, ,
-1, ,-1, ,
1, ,1, ,
1, ,1, ,
2, ,-1, ,
0, ,-2, ,
1, ,1, ,
-1, ,-1, ,
0, ,1, ,
0, ,1, ,
1, ,1, ,
-1, ,-1, ,
2, ,1, ,
-2, ,-1, ,
1, ,1, ,
0, ,1, ,
0, ,1, ,
-2, ,-1, ,
2, ,1, ,
100, ,-1, ,
93, ,-1, ,
59, ,1, ,
38, ,1, ,
24, ,-2, ,
19, ,1, ,
12, ,-1, ,
11, ,1, ,
11, ,-1, ,
10, ,1, ,
7, ,-2, ,
9, ,1, ,
7, ,-1, ,
8, ,1, ,
8, ,1, ,
8, ,1, ,
6, ,-1, ,
8, ,1, ,
6, ,-1, ,
7, ,1, ,
7, ,1, ,
8, ,1, ,
5, ,-1, ,
8, ,1, ,
6, ,-1, ,
7, ,1, ,
8, ,1, ,
6, ,1, ,
5, ,-1, ,
7, ,1, ,
5, ,-1, ,
6, ,1, ,
7, ,-1, ,
7, ,-1, ,
6, ,-2, ,
8, ,1, ,
6, ,-1, ,
6, ,1, ,
6, ,1, ,
6, ,1, ,
5, ,-1, ,
7, ,1, ,
5, ,-1, ,
6, ,1, ,
6, ,1, ,
6, ,1, ,
4, ,-2, ,
7, ,1, ,
5, ,-1, ,
5, ,1, ,
5, ,1, ,
7, ,1, ,
5, ,-2, ,
7, ,1, ,
5, ,-1, ,
5, ,1, ,
6, ,1, ,
5, ,1, ,
4, ,-2, ,
6, ,1, ,
5, ,-1, ,
6, ,-1, ,
6, ,1, ,
5, ,1, ,
4, ,-1, ,
6, ,1, ,
5, ,-1, ,
5, ,1, ,
5, ,1, ,
6, ,1, ,
4, ,-2, ,
6, ,1, ,
5, ,-1, ,
6, ,1, ,
5, ,1, ,
5, ,1, ,
5, ,-2, ,
6, ,1, ,
4, ,-1, ,
5, ,1, ,
5, ,1, ,
6, ,1, ,
4, ,-1, ,
6, ,1, ,
5, ,-1, ,
5, ,-1, ,
5, ,1, ,
5, ,1, ,
3, ,-2, ,
6, ,1, ,
5, ,-1, ,
5, ,1, ,
5, ,1, ,
5, ,1, ,
3, ,-2, ,
6, ,1, ,
4, ,-1, ,
5, ,1, ,
5, ,1, ,
5, ,1, ,
3, ,-2, ,
5, ,1, ,
4, ,-1, ,
4, ,-1, ,
5, ,1, ,
5, ,1, ,
4, ,-2, ,
5, ,1, ,
4, ,-1, ,
4, ,1, ,
4, ,1, ,
4, ,1, ,
3, ,-2, ,
6, ,1, ,
4, ,-1, ,
3, ,1, ,
4, ,1, ,
4, ,1, ,
3, ,-2, ,
5, ,1, ,
4, ,-1, ,
4, ,1, ,
4, ,-1, ,
4, ,1, ,
3, ,-2, ,
4, ,1, ,
3, ,-1, ,
3, ,-1, ,
4, ,1, ,
5, ,1, ,
2, ,-2, ,
4, ,1, ,
2, ,-1, ,
3, ,1, ,
4, ,1, ,
4, ,1, ,
2, ,-1, ,
4, ,1, ,
2, ,-1, ,
3, ,1, ,
4, ,1, ,
4, ,1, ,
1, ,-1, ,
4, ,1, ,
2, ,-1, ,
4, ,-1, ,
4, ,1, ,
3, ,1, ,
1, ,-1, ,
4, ,1, ,
2, ,-1, ,
3, ,1, ,
3, ,-1, ,
3, ,1, ,
1, ,-1, ,
4, ,1, ,
3, ,-1, ,
3, ,-1, ,
3, ,1, ,
3, ,1, ,
1, ,-2, ,
4, ,1, ,
2, ,-1, ,
3, ,1, ,
3, ,1, ,
3, ,1, ,
1, ,-1, ,
3, ,1, ,
1, ,-1, ,
2, ,1, ,
2, ,1, ,
2, ,1, ,
1, ,-2, ,
4, ,1, ,
2, ,-1, ,
3, ,1, ,
3, ,1, ,
3, ,1, ,
1, ,-1, ,
3, ,1, ,
2, ,-1, ,
3, ,1, ,
3, ,1, ,
3, ,1, ,
0, ,-1, ,
3, ,1, ,
1, ,-1, ,
2, ,-1, ,
3, ,1, ,
3, ,1, ,
0, ,-2, ,
4, ,1, ,
1, ,-1, ,
2, ,-1, ,
2, ,-1, ,
2, ,1, ,
1, ,-1, ,
3, ,1, ,
2, ,-1, ,
2, ,1, ,
2, ,1, ,
3, ,1, ,
0, ,-2, ,
3, ,1, ,
2, ,-1, ,
3, ,1, ,
3, ,1, ,
2, ,1, ,
0, ,-1, ,
3, ,1, ,
2, ,-1, ,
2, ,-1, ,
3, ,1, ,
3, ,1, ,
0, ,-1, ,
3, ,1, ,
2, ,-1, ,
2, ,-1, ,
2, ,1, ,
2, ,1, ,
0, ,-1, ,
3, ,1, ,
1, ,-1, ,
2, ,-1, ,
3, ,-1, ,
3, ,1, ,
1, ,-2, ,
3, ,1, ,
0, ,-1, ,
2, ,1, ,
3, ,1, ,
3, ,1, ,
1, ,-2, ,
3, ,1, ,
1, ,-1, ,
2, ,1, ,
2, ,1, ,
2, ,1, ,
0, ,-1, ,
3, ,1, ,
1, ,-1, ,
2, ,1, ,
2, ,1, ,
2, ,1, ,
0, ,-1, ,
2, ,1, ,
0, ,-1, ,
1, ,1, ,
2, ,1, ,
2, ,1, ,
0, ,-1, ,
2, ,1, ,
0, ,-1, ,
1, ,1, ,
2, ,1, ,
2, ,1, ,
0, ,-1, ,
3, ,1, ,
0, ,-1, ,
0, ,1, ,
2, ,1, ,
3, ,1, ,
0, ,-1, ,
3, ,1, ,
1, ,-1, ,
1, ,-1, ,
2, ,-1, ,
2, ,1, ,
-1, ,-1, ,
2, ,1, ,
0, ,-1, ,
1, ,-1, ,
2, ,1, ,
2, ,1, ,
-1, ,-1, ,
3, ,1, ,
1, ,-1, ,
1, ,1, ,
2, ,1, ,
1, ,1, ,
-1, ,-1, ,
2, ,1, ,
0, ,-1, ,
2, ,1, ,
1, ,1, ,
2, ,1, ,
0, ,-1, ,
2, ,1, ,
-1, ,-1, ,
1, ,-1, ,
2, ,1, ,
2, ,1, ,
-1, ,-2, ,
2, ,1, ,
0, ,-1, ,
1, ,1, ,
2, ,1, ,
1, ,1, ,
-1, ,-1, ,
2, ,1, ,
0, ,-1, ,
1, ,-1, ,
2, ,1, ,
1, ,1, ,
-1, ,-1, ,
2, ,1, ,
0, ,-1, ,
1, ,1, ,
2, ,-1, ,
2, ,1, ,
0, ,-1, ,
2, ,1, ,
0, ,-1, ,
0, ,1, ,
1, ,1, ,
1, ,1, ,
0, ,-1, ,
3, ,1, ,
1, ,-1, ,
1, ,1, ,
2, ,1, ,
1, ,1, ,
-1, ,-2, ,
2, ,1, ,
0, ,-1, ,
2, ,1, ,
1, ,1, ,
1, ,1, ,
-1, ,-1, ,
3, ,1, ,
0, ,-1, ,
1, ,1, ,
1, ,1, ,
2, ,1, ,
-1, ,-1, ,
2, ,1, ,
0, ,-1, ,
2, ,-1, ,
1, ,1, ,
2, ,1, ,
0, ,-1, ,
2, ,1, ,
0, ,-1, ,
1, ,1, ,
1, ,1, ,
1, ,1, ,
0, ,-1, ,
2, ,1, ,
-1, ,-1, ,
1, ,1, ,
2, ,1, ,
2, ,1, ,
0, ,-2, ,
2, ,1, ,
0, ,-1, ,
1, ,1, ,
1, ,1, ,
1, ,1, ,
-1, ,-1, ,
2, ,1, ,
0, ,-1, ,
2, ,-1, ,
2, ,1, ,
1, ,1, ,
-1, ,-1, ,
2, ,1, ,
-1, ,-1, ,
0, ,-1, ,
1, ,1, ,
2, ,1, ,
0, ,-1, ,
2, ,1, ,
-1, ,-1, ,
1, ,1, ,
1, ,1, ,
1, ,1, ,
-1, ,-2, ,
2, ,1, ,
0, ,-1, ,
1, ,1, ,
0, ,1, ,
2, ,1, ,
-1, ,-2, ,
1, ,1, ,
-1, ,-1, ,
1, ,1, ,
1, ,1, ,
1, ,1, ,
-1, ,-2, ,
2, ,1, ,
0, ,-1, ,
1, ,1, ,
1, ,1, ,
2, ,1, ,
-1, ,-1, ,
1, ,1, ,
-1, ,-1, ,
0, ,1, ,
1, ,1, ,
1, ,1, ,
-2, ,-2, ,
2, ,1, ,
-1, ,-1, ,
1, ,-1, ,
1, ,1, ,
1, ,1, ,
-1, ,-1, ,
2, ,1, ,
-1, ,-1, ,
1, ,1, ,
0, ,1, ,
1, ,1, ,
-1, ,-1, ,
3, ,1, ,
-1, ,-1, ,
1, ,1, ,
1, ,1, ,
1, ,1, ,
-2, ,-1, ,
2, ,1, ,
0, ,-1, ,
1, ,1, ,
1, ,1, ,
1, ,1, ,
-2, ,-2, ,
2, ,1, ,
0, ,-1, ,
0, ,-1, ,
1, ,1, ,
2, ,1, ,
-1, ,-1, ,
2, ,1, ,
-1, ,-1, ,
0, ,-1, ,
1, ,1, ,
2, ,1, ,
-1, ,-1, ,
2, ,1, ,
-1, ,-1, ,
1, ,1, ,
1, ,1, ,
2, ,1, ,
-2, ,-1, ,
2, ,1, ,
0, ,-1, ,
1, ,1, ,
1, ,1, ,
1, ,1, ,
-1, ,-2, ,
2, ,1, ,
0, ,-1, ,
0, ,1, ,
1, ,1, ,
2, ,1, ,
-1, ,-1, ,
2, ,1, ,
0, ,-1, ,
1, ,1, ,
1, ,1, ,
1, ,1, ,
-2, ,-1, ,
2, ,1, ,
-1, ,-1, ,
0, ,1, ,
1, ,1, ,
2, ,1, ,
-1, ,-1, ,
2, ,1, ,
-1, ,-1, ,
1, ,1, ,
0, ,1, ,
1, ,1, ,
-1, ,-2, ,
2, ,1, ,
-1, ,-1, ,
1, ,1, ,
1, ,1, ,
1, ,1, ,
-1, ,-1, ,
2, ,1, ,
-1, ,-1, ,
1, ,-1, ,
1, ,1, ,
1, ,1, ,
-1, ,-1, ,
2, ,1, ,
-1, ,-1, ,
1, ,-1, ,
1, ,1, ,
2, ,1, ,
-1, ,-1, ,
2, ,1, ,
-1, ,-1, ,
0, ,1, ,
1, ,1, ,
1, ,1, ,
0, ,-2, ,
3, ,1, ,
0, ,-1, ,
0, ,-1, ,
0, ,-1, ,
2, ,1, ,
-2, ,-2, ,
0, ,1, ,
-1, ,-1, ,
0, ,-1, ,
1, ,1, ,
1, ,1, ,
0, ,-1, ,
2, ,1, ,
-1, ,-1, ,
0, ,-1, ,
1, ,1, ,
1, ,1, ,
-2, ,-1, ,
2, ,2, ,
-1, ,1, ,
0, ,1, ,
0, ,1, ,
1, ,1, ,
-2, ,-1, ,
1, ,1, ,
-1, ,1, ,
0, ,1, ,
1, ,1, ,
1, ,1, ,
-2, ,-1, ,
1, ,1, ,
-1, ,1, ,
0, ,-1, ,
1, ,1, ,
1, ,1, ,
-1, ,-1, ,
2, ,1, ,
0, ,1, ,
1, ,-1, ,
1, ,1, ,
1, ,-1, ,
-2, ,-1, ,
2, ,1, ,
-1, ,-1, ,
0, ,-1, ,
0, ,1, ,
1, ,1, ,
-2, ,-1, ,
2, ,1, ,
-1, ,-1, ,
1, ,-1, ,
1, ,98, ,
1, ,64, ,
-2, ,41, ,
2, ,28, ,
-1, ,17, ,
1, ,13, ,
0, ,9, ,
1, ,7, ,
-1, ,5, ,
2, ,6, ,
-1, ,3, ,
0, ,3, ,
0, ,3, ,
0, ,3, ,
-2, ,2, ,
2, ,3, ,
-1, ,2, ,
1, ,2, ,
1, ,2, ,
1, ,3, ,
-2, ,2, ,
1, ,3, ,
-1, ,2, ,
1, ,3, ,
1, ,3, ,
2, ,2, ,
-1, ,2, ,
1, ,2, ,
-1, ,2, ,
1, ,2, ,
0, ,3, ,
1, ,3, ,
-1, ,2, ,
2, ,3, ,
-1, ,2, ,
0, ,2, ,
1, ,2, ,
1, ,2, ,
-1, ,2, ,
2, ,3, ,
-1, ,2, ,
1, ,3, ,
0, ,2, ,
1, ,2, ,
-1, ,2, ,
3, ,2, ,
0, ,2, ,
0, ,2, ,
0, ,2, ,
0, ,3, ,
-1, ,2, ,
1, ,3, ,
0, ,2, ,
1, ,2, ,
0, ,2, ,
1, ,2, ,
-1, ,2, ,
1, ,2, ,
-1, ,2, ,
1, ,2, ,
1, ,2, ,
1, ,2, ,
-1, ,2, ,
2, ,2, ,
-1, ,2, ,
0, ,2, ,
1, ,3, ,
1, ,2, ,
-1, ,2, ,
-2, ,3, ,
-4, ,2, ,
-5, ,2, ,
-2, ,3, ,
0, ,2, ,
-4, ,2, ,
1, ,2, ,
0, ,2, ,
0, ,2, ,
1, ,2, ,
1, ,2, ,
-2, ,2, ,
2, ,3, ,
-2, ,2, ,
0, ,2, ,
0, ,2, ,
2, ,2, ,
-1, ,2, ,
1, ,2, ,
-1, ,2, ,
0, ,2, ,
0, ,3, ,
0, ,2, ,
-1, ,2, ,
2, ,2, ,
-1, ,2, ,
0, ,2, ,
0, ,3, ,
1, ,2, ,
-1, ,2, ,
1, ,3, ,
-1, ,2, ,
1, ,2, ,
0, ,2, ,
1, ,2, ,
-1, ,2, ,
2, ,3, ,
-1, ,3, ,
1, ,2, ,
1, ,3, ,
1, ,2, ,
-1, ,2, ,
2, ,3, ,
0, ,2, ,
1, ,2, ,
0, ,2, ,
0, ,2, ,
-2, ,2, ,
2, ,3, ,
-1, ,2, ,
0, ,2, ,
0, ,2, ,
1, ,2, ,
-2, ,2, ,
2, ,2, ,
-1, ,2, ,
0, ,2, ,
0, ,2, ,
0, ,2, ,
-1, ,2, ,
2, ,3, ,
-1, ,2, ,
0, ,2, ,
0, ,2, ,
1, ,2, ,
-2, ,2, ,
2, ,3, ,
0, ,2, ,
1, ,2, ,
1, ,2, ,
1, ,2, ,
-2, ,2, ,
1, ,3, ,
-1, ,2, ,
0, ,2, ,
1, ,2, ,
1, ,2, ,
-1, ,2, ,
1, ,2, ,
-1, ,2, ,
1, ,2, ,
1, ,2, ,
1, ,2, ,
-2, ,1, ,
1, ,2, ,
-1, ,2, ,
1, ,2, ,
1, ,2, ,
1, ,2, ,
-1, ,1, ,
2, ,2, ,
-1, ,2, ,
0, ,2, ,
1, ,2, ,
1, ,2, ,
-1, ,1, ,
2, ,2, ,
0, ,2, ,
1, ,2, ,
1, ,2, ,
1, ,2, ,
-2, ,2, ,
1, ,3, ,
-1, ,2, ,
1, ,2, ,
0, ,2, ,
1, ,2, ,
-2, ,2, ,
2, ,2, ,
-1, ,2, ,
0, ,2, ,
1, ,2, ,
2, ,2, ,
-1, ,1, ,
2, ,2, ,
-1, ,2, ,
1, ,2, ,
0, ,2, ,
1, ,2, ,
-1, ,1, ,
2, ,2, ,
-1, ,2, ,
2, ,1, ,
0, ,2, ,
0, ,2, ,
-1, ,1, ,
2, ,2, ,
0, ,1, ,
1, ,2, ,
1, ,2, ,
0, ,2, ,
-2, ,1, ,
1, ,2, ,
-1, ,1, ,
0, ,1, ,
0, ,2, ,
1, ,2, ,
-1, ,1, ,
1, ,2, ,
-1, ,1, ,
0, ,1, ,
1, ,2, ,
0, ,2, ,
-2, ,1, ,
2, ,2, ,
-1, ,1, ,
0, ,2, ,
1, ,2, ,
2, ,2, ,
-1, ,1, ,
2, ,2, ,
-1, ,1, ,
1, ,1, ,
0, ,2, ,
2, ,2, ,
-1, ,-1, ,
2, ,2, ,
-1, ,1, ,
0, ,2, ,
1, ,2, ,
1, ,2, ,
-2, ,1, ,
2, ,2, ,
0, ,1, ,
1, ,2, ,
0, ,2, ,
1, ,2, ,
-2, ,1, ,
2, ,2, ,
-1, ,1, ,
-1, ,2, ,
0, ,2, ,
1, ,2, ,
-1, ,1, ,
1, ,2, ,
-1, ,1, ,
0, ,2, ,
0, ,2, ,
1, ,2, ,
-1, ,1, ,
2, ,2, ,
-1, ,1, ,
0, ,1, ,
1, ,2, ,
1, ,2, ,
-2, ,-1, ,
2, ,2, ,
0, ,2, ,
1, ,2, ,
1, ,2, ,
0, ,1, ,
-2, ,1, ,
1, ,2, ,
-1, ,1, ,
0, ,1, ,
1, ,2, ,
1, ,2, ,
-2, ,1, ,
2, ,2, ,
-1, ,1, ,
1, ,2, ,
1, ,2, ,
2, ,2, ,
-1, ,-1, ,
1, ,2, ,
-1, ,1, ,
1, ,2, ,
1, ,2, ,
1, ,2, ,
-2, ,1, ,
1, ,2, ,
-1, ,1, ,
0, ,1, ,
0, ,2, ,
1, ,2, ,
-2, ,-1, ,
2, ,2, ,
-1, ,1, ,
1, ,1, ,
1, ,2, ,
1, ,2, ,
-2, ,1, ,
1, ,2, ,
-1, ,1, ,
1, ,1, ,
1, ,2, ,
1, ,2, ,
-2, ,-1, ,
2, ,2, ,
-1, ,1, ,
1, ,1, ,
1, ,2, ,
1, ,1, ,
-2, ,-1, ,
2, ,2, ,
-1, ,1, ,
0, ,1, ,
0, ,2, ,
1, ,1, ,
-1, ,-1, ,
2, ,2, ,
-1, ,1, ,
0, ,1, ,
1, ,2, ,
0, ,2, ,
-2, ,-1, ,
1, ,2, ,
-1, ,1, ,
2, ,1, ,
0, ,2, ,
0, ,2, ,
-2, ,-1, ,
2, ,2, ,
-1, ,1, ,
0, ,1, ,
1, ,1, ,
1, ,1, ,
-1, ,-1, ,
2, ,2, ,
-1, ,1, ,
0, ,1, ,
0, ,1, ,
1, ,2, ,
-2, ,-1, ,
0, ,2, ,
-2, ,1, ,
-1, ,1, ,
0, ,1, ,
0, ,2, ,
-1, ,1, ,
3, ,2, ,
0, ,1, ,
0, ,1, ,
0, ,2, ,
0, ,2, ,
-1, ,-1, ,
2, ,1, ,
-1, ,1, ,
0, ,1, ,
0, ,2, ,
0, ,2, ,
-2, ,-1, ,
2, ,2, ,
-1, ,-1, ,
1, ,1, ,
0, ,1, ,
0, ,2, ,
-2, ,-1, ,
1, ,2, ,
-1, ,1, ,
1, ,1, ,
1, ,2, ,
1, ,2, ,
-2, ,-1, ,
1, ,2, ,
-2, ,1, ,
0, ,1, ,
1, ,1, ,
1, ,2, ,
-1, ,-1, ,
2, ,2, ,
-2, ,-1, ,
0, ,1, ,
1, ,1, ,
1, ,2, ,
-1, ,-1, ,
2, ,2, ,
-1, ,1, ,
1, ,1, ,
0, ,2, ,
1, ,2, ,
-1, ,-1, ,
2, ,2, ,
0, ,1, ,
1, ,1, ,
1, ,1, ,
1, ,1, ,
-1, ,-1, ,
2, ,2, ,
-1, ,1, ,
0, ,1, ,
0, ,1, ,
1, ,1, ,
-1, ,-1, ,
2, ,1, ,
-1, ,-1, ,
1, ,1, ,
1, ,1, ,
1, ,2, ,
-1, ,-1, ,
2, ,2, ,
-1, ,1, ,
0, ,1, ,
1, ,2, ,
1, ,2, ,
-1, ,-1, ,
2, ,2, ,
-1, ,1, ,
0, ,1, ,
1, ,1, ,
1, ,1, ,
-2, ,-1, ,
1, ,1, ,
-1, ,1, ,
1, ,1, ,
2, ,1, ,
2, ,2, ,
-1, ,-1, ,
2, ,2, ,
-1, ,1, ,
1, ,1, ,
1, ,1, ,
1, ,2, ,
-2, ,-1, ,
2, ,2, ,
-1, ,1, ,
1, ,1, ,
0, ,1, ,
2, ,1, ,
-1, ,-1, ,
1, ,2, ,
-2, ,1, ,
-1, ,1, ,
0, ,1, ,
1, ,1, ,
-2, ,-1, ,
2, ,1, ,
0, ,-1, ,
1, ,1, ,
1, ,1, ,
0, ,1, ,
-2, ,-1, ,
1, ,2, ,
-1, ,1, ,
1, ,1, ,
1, ,1, ,
2, ,1, ,
-1, ,-1, ,
2, ,2, ,
-1, ,1, ,
0, ,1, ,
0, ,1, ,
1, ,2, ,
-1, ,-1, ,
2, ,1, ,
0, ,1, ,
1, ,1, ,
0, ,1, ,
1, ,2, ,
-1, ,-1, ,
2, ,2, ,
-2, ,-1, ,
0, ,1, ,
1, ,2, ,
0, ,2, ,
-1, ,-1, ,
2, ,2, ,
-1, ,-1, ,
0, ,1, ,
0, ,1, ,
1, ,1, ,
-1, ,-1, ,
2, ,1, ,
-1, ,-1, ,
0, ,1, ,
0, ,1, ,
0, ,2, ,
-3, ,-1, ,
1, ,2, ,
-1, ,-1, ,
-1, ,1, ,
1, ,2, ,
1, ,2, ,
-2, ,-1, ,
1, ,1, ,
-2, ,-1, ,
-1, ,1, ,
1, ,1, ,
1, ,1, ,
-1, ,-1, ,
1, ,1, ,
-1, ,1, ,
-1, ,1, ,
0, ,1, ,
1, ,1, ,
-2, ,-1, ,
2, ,2, ,
-1, ,1, ,
0, ,1, ,
0, ,1, ,
0, ,1, ,
-2, ,-1, ,
1, ,2, ,
-1, ,-1, ,
0, ,1, ,
1, ,1, ,
1, ,1, ,
-2, ,-1, ,
1, ,2, ,
-2, ,1, ,
0, ,1, ,
0, ,1, ,
1, ,2, ,
-2, ,-1, ,
1, ,2, ,
-1, ,-1, ,
-1, ,1, ,
0, ,1, ,
1, ,1, ,
-1, ,-1, ,
2, ,1, ,
-1, ,1, ,
1, ,1, ,
1, ,1, ,
1, ,2, ,
-2, ,-1, ,
1, ,2, ,
-1, ,1, ,
0, ,1, ,
1, ,1, ,
1, ,2, ,
-2, ,-1, ,
2, ,2, ,
-1, ,-1, ,
1, ,1, ,
1, ,1, ,
1, ,2, ,
-2, ,-1, ,
2, ,2, ,
0, ,-1, ,
1, ,1, ,
2, ,1, ,
2, ,1, ,
-1, ,-1, ,
1, ,1, ,
-1, ,-1, ,
0, ,1, ,
1, ,1, ,
1, ,1, ,
-1, ,-1, ,
2, ,2, ,
-1, ,-1, ,
1, ,1, ,
0, ,1, ,
1, ,1, ,
-1, ,-1, ,
2, ,2, ,
0, ,-1, ,
1, ,-1, ,
1, ,1, ,
1, ,1, ,
-1, ,-1, ,
1, ,1, ,
-1, ,-1, ,
1, ,1, ,
1, ,1, ,
1, ,1, ,
-2, ,-1, ,
2, ,2, ,
-1, ,-1, ,
1, ,1, ,
1, ,1, ,
2, ,1, ,
-2, ,-1, ,
2, ,2, ,
-1, ,-1, ,
0, ,1, ,
1, ,1, ,
1, ,1, ,
-1, ,-1, ,
2, ,1, ,
-1, ,1, ,
1, ,-1, ,
0, ,1, ,
1, ,1, ,
-1, ,-1, ,
2, ,1, ,
-1, ,-1, ,
0, ,1, ,
0, ,1, ,
0, ,1, ,
-2, ,-1, ,
2, ,1, ,
-1, ,-1, ,
0, ,1, ,
0, ,1, ,
0, ,1, ,
-2, ,-1, ,
1, ,1, ,
-1, ,-1, ,
0, ,1, ,
0, ,1, ,
1, ,2, ,
-2, ,-1, ,
1, ,2, ,
-2, ,-1, ,
0, ,1, ,
0, ,1, ,
1, ,1, ,
-1, ,-1, ,
1, ,1, ,
-1, ,-1, ,
0, ,1, ,
0, ,1, ,
1, ,1, ,
-2, ,-1, ,
2, ,1, ,
0, ,-1, ,
0, ,1, ,
0, ,1, ,
0, ,2, ,
-2, ,-1, ,
1, ,2, ,
-1, ,-1, ,
0, ,1, ,
0, ,1, ,
0, ,1, ,
-2, ,-1, ,
1, ,2, ,
-2, ,-1, ,
0, ,1, ,
0, ,1, ,
1, ,1, ,
-1, ,-1, ,
1, ,1, ,
-1, ,-1, ,
0, ,1, ,
1, ,1, ,
1, ,1, ,
-2, ,-2, ,
1, ,1, ,
-1, ,-1, ,
0, ,1, ,
1, ,1, ,
1, ,1, ,
-2, ,-1, ,
2, ,1, ,
-1, ,-1, ,
0, ,1, ,
1, ,1, ,
1, ,1, ,
-2, ,-1, ,
2, ,1, ,
-1, ,-1, ,
0, ,1, ,
0, ,1, ,
1, ,1, ,
-2, ,-1, ,
2, ,1, ,
0, ,-1, ,
1, ,1, ,
0, ,1, ,
0, ,1, ,
-2, ,-1, ,
1, ,1, ,
-1, ,-1, ,
0, ,1, ,
1, ,1, ,
1, ,1, ,
-2, ,-1, ,
2, ,1, ,
0, ,-1, ,
0, ,1, ,
1, ,1, ,
1, ,1, ,
-2, ,-1, ,
2, ,1, ,
0, ,-1, ,
1, ,1, ,
1, ,1, ,
0, ,1, ,
-2, ,-1, ,
2, ,1, ,
-1, ,-1, ,
0, ,-1, ,
1, ,-1, ,
2, ,1, ,
-2, ,-1, ,
1, ,1, ,
-1, ,-1, ,
1, ,1, ,
1, ,1, ,
1, ,1, ,
-9, ,-1, ,
-4, ,1, ,
-4, ,-1, ,
-1, ,1, ,
-1, ,1, ,
1, ,1, ,
-2, ,-1, ,
1, ,2, ,
0, ,-1, ,
0, ,1, ,
0, ,1, ,
1, ,1, ,
-1, ,-1, ,
1, ,1, ,
-1, ,-1, ,
0, ,-1, ,
0, ,1, ,
1, ,1, ,
-1, ,-1, ,
2, ,1, ,
-1, ,-1, ,
0, ,1, ,
0, ,1, ,
0, ,1, ,
-2, ,-1, ,
1, ,1, ,
0, ,-1, ,
1, ,1, ,
0, ,1, ,
0, ,1, ,
-2, ,-1, ,
2, ,2, ,
-1, ,-1, ,
0, ,1, ,
0, ,1, ,
1, ,2, ,
-1, ,-1, ,
1, ,1, ,
-1, ,-1, ,
0, ,1, ,
0, ,1, ,
0, ,1, ,
-1, ,-1, ,
2, ,1, ,
0, ,-1, ,
1, ,1, ,
1, ,1, ,
-1, ,1, ,
-2, ,-1, ,
2, ,1, ,
-1, ,-1, ,
0, ,1, ,
0, ,1, ,
1, ,1, ,
-2, ,-1, ,
1, ,1, ,
-1, ,-1, ,
0, ,1, ,
0, ,1, ,
1, ,1, ,
-2, ,-2, ,
1, ,1, ,
113, ,-1, ,
89, ,1, ,
56, ,1, ,
35, ,1, ,
23, ,-1, ,
19, ,1, ,
12, ,-1, ,
12, ,1, ,
11, ,1, ,
9, ,1, ,
8, ,-2, ,
9, ,1, ,
7, ,-1, ,
7, ,1, ,
8, ,1, ,
8, ,1, ,
7, ,-1, ,
9, ,2, ,
7, ,-1, ,
8, ,1, ,
7, ,1, ,
7, ,2, ,
6, ,-1, ,
8, ,1, ,
6, ,-1, ,
8, ,1, ,
7, ,-1, ,
7, ,1, ,
5, ,-1, ,
7, ,1, ,
5, ,-1, ,
6, ,1, ,
7, ,1, ,
7, ,1, ,
5, ,-2, ,
8, ,1, ,
6, ,-1, ,
7, ,1, ,
7, ,1, ,
7, ,1, ,
6, ,-1, ,
7, ,1, ,
5, ,-1, ,
6, ,1, ,
7, ,1, ,
6, ,1, ,
4, ,-2, ,
6, ,1, ,
6, ,-1, ,
6, ,-1, ,
7, ,-1, ,
7, ,1, ,
5, ,-1, ,
6, ,1, ,
5, ,-1, ,
5, ,-1, ,
6, ,1, ,
6, ,1, ,
3, ,-2, ,
7, ,1, ,
4, ,-1, ,
5, ,1, ,
5, ,1, ,
5, ,1, ,
4, ,-1, ,
6, ,1, ,
5, ,-1, ,
5, ,-1, ,
5, ,1, ,
6, ,1, ,
4, ,-2, ,
6, ,1, ,
4, ,-1, ,
5, ,1, ,
5, ,1, ,
5, ,1, ,
4, ,-1, ,
6, ,1, ,
4, ,-1, ,
4, ,1, ,
5, ,1, ,
5, ,1, ,
3, ,-1, ,
5, ,1, ,
5, ,-1, ,
4, ,1, ,
5, ,1, ,
5, ,1, ,
3, ,-1, ,
5, ,1, ,
4, ,-1, ,
5, ,-1, ,
5, ,1, ,
5, ,1, ,
4, ,-1, ,
6, ,1, ,
4, ,-1, ,
4, ,1, ,
4, ,1, ,
5, ,1, ,
3, ,-2, ,
5, ,1, ,
4, ,-1, ,
4, ,1, ,
4, ,1, ,
4, ,1, ,
3, ,-1, ,
5, ,1, ,
4, ,-1, ,
4, ,1, ,
5, ,1, ,
4, ,1, ,
2, ,-1, ,
5, ,1, ,
3, ,-1, ,
4, ,1, ,
4, ,-1, ,
4, ,1, ,
3, ,-1, ,
5, ,1, ,
3, ,-1, ,
4, ,1, ,
4, ,1, ,
5, ,1, ,
3, ,-1, ,
5, ,1, ,
3, ,-1, ,
4, ,1, ,
4, ,1, ,
4, ,1, ,
2, ,-1, ,
5, ,1, ,
3, ,-1, ,
3, ,1, ,
4, ,1, ,
4, ,1, ,
2, ,-1, ,
4, ,1, ,
3, ,-1, ,
4, ,-1, ,
3, ,1, ,
4, ,1, ,
2, ,-2, ,
4, ,1, ,
3, ,-1, ,
4, ,1, ,
3, ,1, ,
4, ,1, ,
3, ,-1, ,
4, ,1, ,
2, ,-1, ,
3, ,1, ,
3, ,1, ,
4, ,1, ,
2, ,-1, ,
4, ,1, ,
2, ,-1, ,
3, ,1, ,
3, ,1, ,
3, ,1, ,
1, ,-2, ,
4, ,1, ,
3, ,-1, ,
3, ,-1, ,
3, ,1, ,
3, ,1, ,
1, ,-2, ,
4, ,1, ,
2, ,-1, ,
3, ,1, ,
3, ,-1, ,
3, ,1, ,
1, ,-1, ,
3, ,1, ,
2, ,-1, ,
3, ,-1, ,
4, ,1, ,
3, ,1, ,
1, ,-2, ,
4, ,1, ,
2, ,-1, ,
2, ,1, ,
3, ,1, ,
3, ,1, ,
1, ,-1, ,
3, ,1, ,
2, ,-1, ,
3, ,-1, ,
3, ,1, ,
2, ,1, ,
1, ,-2, ,
3, ,1, ,
2, ,-1, ,
2, ,1, ,
3, ,1, ,
3, ,1, ,
1, ,-1, ,
4, ,1, ,
2, ,-1, ,
2, ,1, ,
3, ,1, ,
3, ,43, ,
0, ,72, ,
4, ,45, ,
2, ,29, ,
2, ,20, ,
2, ,14, ,
3, ,10, ,
0, ,6, ,
3, ,5, ,
1, ,3, ,
2, ,3, ,
2, ,3, ,
3, ,3, ,
1, ,2, ,
3, ,3, ,
0, ,2, ,
2, ,2, ,
2, ,2, ,
3, ,2, ,
0, ,1, ,
3, ,3, ,
1, ,2, ,
2, ,2, ,
2, ,2, ,
2, ,3, ,
0, ,1, ,
3, ,2, ,
1, ,2, ,
2, ,3, ,
2, ,2, ,
2, ,3, ,
0, ,1, ,
2, ,2, ,
1, ,2, ,
2, ,2, ,
2, ,2, ,
3, ,3, ,
0, ,1, ,
3, ,2, ,
1, ,2, ,
1, ,2, ,
2, ,2, ,
2, ,3, ,
0, ,1, ,
3, ,3, ,
0, ,2, ,
2, ,2, ,
1, ,2, ,
3, ,3, ,
0, ,1, ,
3, ,3, ,
0, ,2, ,
1, ,2, ,
2, ,3, ,
2, ,2, ,
0, ,1, ,
3, ,2, ,
0, ,2, ,
1, ,2, ,
2, ,2, ,
2, ,3, ,
-1, ,1, ,
2, ,2, ,
1, ,1, ,
2, ,2, ,
2, ,2, ,
2, ,2, ,
0, ,1, ,
3, ,2, ,
1, ,1, ,
2, ,2, ,
2, ,2, ,
3, ,2, ,
0, ,1, ,
3, ,3, ,
0, ,2, ,
1, ,2, ,
2, ,2, ,
3, ,3, ,
0, ,1, ,
3, ,3, ,
0, ,1, ,
2, ,2, ,
2, ,2, ,
2, ,2, ,
0, ,1, ,
3, ,3, ,
0, ,2, ,
1, ,2, ,
2, ,2, ,
2, ,2, ,
0, ,1, ,
3, ,2, ,
0, ,2, ,
1, ,2, ,
2, ,2, ,
3, ,2, ,
0, ,1, ,
2, ,2, ,
0, ,1, ,
1, ,2, ,
2, ,2, ,
2, ,2, ,
0, ,1, ,
2, ,2, ,
0, ,1, ,
2, ,2, ,
2, ,2, ,
2, ,2, ,
0, ,1, ,
3, ,3, ,
0, ,1, ,
1, ,2, ,
1, ,2, ,
2, ,2, ,
0, ,1, ,
3, ,3, ,
0, ,1, ,
1, ,2, ,
2, ,2, ,
1, ,2, ,
-1, ,-1, ,
2, ,2, ,
1, ,1, ,
1, ,2, ,
1, ,2, ,
1, ,3, ,
-1, ,2, ,
2, ,3, ,
0, ,1, ,
2, ,2, ,
2, ,2, ,
2, ,2, ,
-2, ,1, ,
2, ,2, ,
-1, ,1, ,
1, ,2, ,
2, ,2, ,
1, ,2, ,
0, ,1, ,
2, ,3, ,
0, ,1, ,
1, ,2, ,
1, ,2, ,
1, ,2, ,
-1, ,1, ,
2, ,2, ,
0, ,1, ,
1, ,2, ,
1, ,2, ,
1, ,2, ,
-1, ,1, ,
2, ,2, ,
-1, ,1, ,
1, ,2, ,
1, ,2, ,
2, ,2, ,
-1, ,-1, ,
2, ,2, ,
0, ,1, ,
1, ,2, ,
1, ,2, ,
1, ,2, ,
-1, ,1, ,
2, ,2, ,
-1, ,1, ,
0, ,2, ,
1, ,2, ,
1, ,2, ,
-1, ,1, ,
2, ,2, ,
-1, ,1, ,
0, ,2, ,
1, ,2, ,
2, ,2, ,
-1, ,-1, ,
2, ,2, ,
0, ,1, ,
1, ,2, ,
2, ,2, ,
1, ,2, ,
-1, ,-1, ,
2, ,2, ,
0, ,1, ,
0, ,2, ,
2, ,2, ,
2, ,2, ,
-2, ,1, ,
1, ,2, ,
0, ,1, ,
1, ,1, ,
1, ,1, ,
1, ,2, ,
-1, ,1, ,
1, ,2, ,
-1, ,1, ,
0, ,2, ,
1, ,1, ,
2, ,2, ,
-1, ,-1, ,
2, ,3, ,
-1, ,1, ,
0, ,1, ,
1, ,2, ,
1, ,2, ,
-1, ,-1, ,
1, ,2, ,
-1, ,1, ,
1, ,1, ,
1, ,2, ,
1, ,2, ,
-1, ,-1, ,
2, ,2, ,
0, ,1, ,
0, ,2, ,
1, ,2, ,
2, ,2, ,
-1, ,-1, ,
2, ,2, ,
-1, ,1, ,
0, ,2, ,
1, ,1, ,
2, ,2, ,
-1, ,-1, ,
2, ,2, ,
-1, ,1, ,
2, ,2, ,
1, ,2, ,
1, ,2, ,
-1, ,1, ,
2, ,2, ,
0, ,1, ,
0, ,1, ,
1, ,1, ,
2, ,2, ,
-1, ,1, ,
2, ,2, ,
-1, ,1, ,
0, ,2, ,
0, ,2, ,
1, ,2, ,
-1, ,-1, ,
2, ,2, ,
0, ,1, ,
1, ,2, ,
0, ,2, ,
1, ,2, ,
-1, ,-1, ,
2, ,2, ,
-1, ,1, ,
1, ,1, ,
2, ,1, ,
1, ,2, ,
-1, ,1, ,
1, ,2, ,
-1, ,1, ,
1, ,1, ,
1, ,1, ,
1, ,2, ,
-1, ,-1, ,
2, ,2, ,
-1, ,1, ,
1, ,1, ,
1, ,1, ,
1, ,1, ,
-1, ,-1, ,
2, ,2, ,
0, ,1, ,
1, ,1, ,
0, ,1, ,
1, ,2, ,
-2, ,-1, ,
1, ,2, ,
-1, ,1, ,
0, ,1, ,
1, ,1, ,
1, ,2, ,
-1, ,-1, ,
1, ,2, ,
-1, ,1, ,
0, ,1, ,
1, ,1, ,
2, ,2, ,
-1, ,-1, ,
2, ,1, ,
0, ,1, ,
1, ,1, ,
0, ,1, ,
1, ,2, ,
-1, ,-1, ,
2, ,1, ,
-1, ,1, ,
0, ,1, ,
1, ,1, ,
1, ,2, ,
-1, ,-1, ,
2, ,2, ,
-1, ,1, ,
0, ,1, ,
0, ,1, ,
1, ,2, ,
-1, ,-1, ,
2, ,2, ,
-1, ,1, ,
1, ,1, ,
1, ,2, ,
1, ,1, ,
-2, ,-1, ,
2, ,1, ,
-1, ,1, ,
1, ,2, ,
1, ,1, ,
1, ,2, ,
-1, ,-1, ,
2, ,1, ,
0, ,1, ,
1, ,1, ,
1, ,1, ,
1, ,2, ,
-1, ,-1, ,
2, ,2, ,
-1, ,1, ,
0, ,1, ,
0, ,1, ,
1, ,2, ,
-1, ,-1, ,
2, ,2, ,
-1, ,-1, ,
0, ,1, ,
1, ,1, ,
1, ,2, ,
-1, ,-1, ,
2, ,2, ,
-1, ,1, ,
1, ,1, ,
1, ,1, ,
1, ,2, ,
-1, ,-1, ,
2, ,2, ,
-1, ,1, ,
1, ,2, ,
1, ,1, ,
2, ,2, ,
-1, ,-1, ,
2, ,1, ,
-1, ,1, ,
0, ,1, ,
1, ,1, ,
1, ,2, ,
-1, ,-1, ,
1, ,2, ,
-1, ,1, ,
0, ,1, ,
1, ,1, ,
2, ,2, ,
-2, ,-1, ,
1, ,2, ,
-1, ,1, ,
1, ,1, ,
0, ,1, ,
0, ,2, ,
-1, ,-1, ,
2, ,2, ,
-1, ,1, ,
0, ,1, ,
1, ,1, ,
1, ,1, ,
-1, ,-1, ,
2, ,2, ,
-1, ,1, ,
1, ,1, ,
1, ,1, ,
1, ,2, ,
-1, ,-1, ,
1, ,2, ,
-2, ,1, ,
0, ,1, ,
1, ,1, ,
2, ,1, ,
-1, ,-1, ,
1, ,1, ,
-1, ,-1, ,
0, ,1, ,
1, ,1, ,
1, ,2, ,
-2, ,-1, ,
2, ,1, ,
-1, ,1, ,
1, ,1, ,
0, ,1, ,
1, ,2, ,
-2, ,-1, ,
1, ,1, ,
-2, ,1, ,
-1, ,1, ,
0, ,1, ,
0, ,1, ,
-2, ,-1, ,
3, ,2, ,
0, ,1, ,
1, ,1, ,
0, ,1, ,
0, ,1, ,
-1, ,-1, ,
1, ,1, ,
0, ,1, ,
1, ,1, ,
0, ,1, ,
1, ,1, ,
-1, ,-1, ,
1, ,2, ,
-1, ,-1, ,
0, ,1, ,
2, ,1, ,
1, ,1, ,
-2, ,-1, ,
1, ,2, ,
-1, ,1, ,
0, ,-1, ,
2, ,1, ,
1, ,2, ,
-1, ,-1, ,
2, ,1, ,
0, ,1, ,
0, ,1, ,
0, ,1, ,
0, ,2, ,
-2, ,-1, ,
2, ,2, ,
-1, ,1, ,
1, ,1, ,
1, ,1, ,
1, ,2, ,
-1, ,-1, ,
2, ,1, ,
-2, ,1, ,
0, ,1, ,
1, ,1, ,
1, ,2, ,
-1, ,-1, ,
2, ,1, ,
-1, ,-1, ,
0, ,1, ,
0, ,1, ,
1, ,2, ,
-1, ,-1, ,
2, ,1, ,
0, ,-1, ,
0, ,1, ,
0, ,1, ,
1, ,2, ,
-1, ,-1, ,
2, ,2, ,
0, ,1, ,
0, ,1, ,
1, ,1, ,
1, ,1, ,
-1, ,-1, ,
2, ,2, ,
-1, ,-1, ,
0, ,1, ,
1, ,1, ,
1, ,1, ,
-1, ,-1, ,
2, ,1, ,
0, ,1, ,
1, ,1, ,
1, ,1, ,
1, ,2, ,
-1, ,-1, ,
2, ,1, ,
-1, ,-1, ,
0, ,1, ,
1, ,1, ,
1, ,1, ,
-2, ,-1, ,
2, ,2, ,
-1, ,-1, ,
1, ,1, ,
1, ,1, ,
1, ,2, ,
-1, ,-1, ,
2, ,1, ,
-1, ,1, ,
1, ,1, ,
1, ,1, ,
1, ,1, ,
-2, ,-1, ,
2, ,2, ,
-1, ,-1, ,
1, ,1, ,
1, ,1, ,
1, ,1, ,
-1, ,-1, ,
1, ,2, ,
-1, ,1, ,
0, ,1, ,
1, ,1, ,
2, ,1, ,
-1, ,-1, ,
1, ,2, ,
-1, ,-1, ,
1, ,1, ,
1, ,1, ,
1, ,1, ,
-1, ,-1, ,
2, ,1, ,
-1, ,-1, ,
0, ,1, ,
1, ,1, ,
1, ,1, ,
-2, ,-1, ,
2, ,1, ,
-1, ,-1, ,
1, ,-1, ,
1, ,1, ,
1, ,2, ,
-1, ,-1, ,
2, ,77, ,
0, ,51, ,
0, ,34, ,
1, ,22, ,
1, ,15, ,
-1, ,10, ,
1, ,9, ,
0, ,6, ,
0, ,5, ,
1, ,5, ,
1, ,5, ,
-2, ,2, ,
1, ,3, ,
-1, ,2, ,
0, ,2, ,
0, ,2, ,
1, ,2, ,
-2, ,2, ,
1, ,3, ,
-2, ,2, ,
0, ,2, ,
0, ,2, ,
1, ,3, ,
-1, ,1, ,
2, ,3, ,
-2, ,2, ,
0, ,2, ,
0, ,3, ,
0, ,3, ,
-2, ,1, ,
1, ,3, ,
-1, ,2, ,
0, ,3, ,
0, ,2, ,
0, ,3, ,
-2, ,1, ,
1, ,2, ,
-1, ,2, ,
0, ,3, ,
1, ,2, ,
1, ,3, ,
-2, ,1, ,
1, ,3, ,
-1, ,2, ,
0, ,2, ,
1, ,2, ,
1, ,3, ,
-2, ,1, ,
1, ,2, ,
-1, ,2, ,
0, ,2, ,
0, ,3, ,
1, ,3, ,
-1, ,1, ,
2, ,3, ,
-1, ,2, ,
1, ,2, ,
0, ,2, ,
0, ,2, ,
-1, ,1, ,
2, ,2, ,
-1, ,2, ,
0, ,2, ,
0, ,3, ,
0, ,3, ,
-1, ,1, ,
1, ,3, ,
-1, ,2, ,
0, ,2, ,
0, ,2, ,
0, ,2, ,
-2, ,1, ,
2, ,2, ,
-1, ,2, ,
0, ,2, ,
0, ,2, ,
1, ,3, ,
-1, ,1, ,
2, ,2, ,
-1, ,1, ,
0, ,2, ,
0, ,2, ,
1, ,3, ,
-1, ,1, ,
3, ,3, ,
0, ,2, ,
1, ,2, ,
1, ,2, ,
1, ,3, ,
-1, ,1, ,
2, ,2, ,
-1, ,1, ,
0, ,2, ,
1, ,2, ,
1, ,3, ,
-1, ,1, ,
2, ,2, ,
-1, ,1, ,
0, ,2, ,
1, ,2, ,
1, ,2, ,
-1, ,1, ,
1, ,3, ,
-1, ,1, ,
0, ,2, ,
1, ,2, ,
2, ,2, ,
-1, ,1, ,
2, ,2, ,
-1, ,1, ,
0, ,2, ,
1, ,2, ,
1, ,2, ,
-1, ,1, ,
1, ,2, ,
-1, ,1, ,
1, ,2, ,
0, ,2, ,
1, ,2, ,
-2, ,1, ,
2, ,3, ,
-2, ,1, ,
0, ,2, ,
0, ,2, ,
1, ,2, ,
-1, ,1, ,
1, ,2, ,
-1, ,1, ,
0, ,2, ,
1, ,2, ,
0, ,2, ,
-2, ,1, ,
1, ,2, ,
-1, ,1, ,
1, ,2, ,
1, ,2, ,
1, ,2, ,
-2, ,1, ,
1, ,2, ,
-1, ,1, ,
1, ,2, ,
0, ,1, ,
1, ,2, ,
-1, ,1, ,
2, ,2, ,
-2, ,1, ,
0, ,2, ,
0, ,2, ,
0, ,2, ,
-2, ,1, ,
1, ,2, ,
-1, ,1, ,
0, ,2, ,
1, ,2, ,
0, ,2, ,
-2, ,1, ,
1, ,2, ,
-2, ,1, ,
1, ,2, ,
1, ,1, ,
1, ,2, ,
-2, ,-1, ,
1, ,2, ,
-1, ,1, ,
-1, ,2, ,
0, ,2, ,
1, ,2, ,
-1, ,1, ,
2, ,2, ,
-2, ,1, ,
1, ,2, ,
1, ,2, ,
0, ,2, ,
-2, ,1, ,
2, ,2, ,
-1, ,1, ,
0, ,2, ,
1, ,2, ,
1, ,2, ,
-2, ,1, ,
1, ,2, ,
-1, ,1, ,
-1, ,2, ,
0, ,2, ,
1, ,2, ,
-2, ,1, ,
2, ,2, ,
-1, ,1, ,
0, ,2, ,
0, ,2, ,
1, ,2, ,
-1, ,1, ,
1, ,2, ,
-1, ,1, ,
0, ,2, ,
1, ,2, ,
1, ,2, ,
-1, ,1, ,
1, ,2, ,
-1, ,1, ,
0, ,2, ,
1, ,2, ,
1, ,2, ,
-1, ,-1, ,
3, ,2, ,
-1, ,1, ,
0, ,2, ,
0, ,2, ,
1, ,2, ,
-1, ,-1, ,
2, ,2, ,
0, ,1, ,
1, ,2, ,
1, ,1, ,
0, ,2, ,
-2, ,1, ,
2, ,2, ,
-1, ,1, ,
0, ,1, ,
1, ,1, ,
1, ,2, ,
-1, ,1, ,
1, ,2, ,
-1, ,1, ,
1, ,2, ,
1, ,2, ,
1, ,2, ,
-1, ,1, ,
2, ,2, ,
-1, ,1, ,
0, ,2, ,
1, ,2, ,
1, ,2, ,
-2, ,-1, ,
1, ,1, ,
-1, ,1, ,
1, ,1, ,
1, ,2, ,
1, ,2, ,
-2, ,-1, ,
1, ,2, ,
-1, ,1, ,
0, ,1, ,
1, ,1, ,
1, ,2, ,
-1, ,1, ,
2, ,2, ,
-1, ,1, ,
1, ,2, ,
1, ,2, ,
1, ,2, ,
-2, ,-1, ,
1, ,2, ,
0, ,1, ,
0, ,2, ,
1, ,1, ,
1, ,2, ,
-2, ,-1, ,
1, ,2, ,
-2, ,1, ,
0, ,2, ,
1, ,1, ,
1, ,2, ,
-1, ,-1, ,
2, ,2, ,
-1, ,1, ,
0, ,2, ,
0, ,1, ,
0, ,2, ,
-2, ,1, ,
2, ,2, ,
-1, ,1, ,
0, ,1, ,
0, ,1, ,
0, ,2, ,
-2, ,-1, ,
1, ,2, ,
-1, ,1, ,
0, ,1, ,
0, ,1, ,
1, ,2, ,
-2, ,-1, ,
1, ,2, ,
-1, ,1, ,
0, ,1, ,
0, ,1, ,
0, ,2, ,
-1, ,-1, ,
1, ,2, ,
-1, ,1, ,
0, ,1, ,
0, ,1, ,
0, ,2, ,
-2, ,-1, ,
1, ,2, ,
-1, ,1, ,
0, ,1, ,
0, ,1, ,
1, ,2, ,
-2, ,1, ,
1, ,2, ,
-1, ,1, ,
0, ,2, ,
0, ,1, ,
1, ,2, ,
-2, ,-1, ,
1, ,2, ,
-1, ,1, ,
1, ,1, ,
0, ,1, ,
0, ,1, ,
-2, ,1, ,
1, ,2, ,
-1, ,1, ,
0, ,1, ,
1, ,1, ,
1, ,2, ,
-1, ,-1, ,
1, ,2, ,
-2, ,1, ,
0, ,1, ,
1, ,1, ,
1, ,2, ,
-1, ,-1, ,
2, ,2, ,
-2, ,1, ,
-1, ,2, ,
1, ,1, ,
1, ,2, ,
-1, ,-1, ,
2, ,2, ,
-1, ,1, ,
0, ,1, ,
1, ,1, ,
1, ,2, ,
-2, ,-1, ,
2, ,1, ,
-1, ,1, ,
1, ,1, ,
1, ,1, ,
2, ,2, ,
-2, ,-1, ,
1, ,2, ,
-1, ,1, ,
0, ,1, ,
1, ,1, ,
1, ,2, ,
-1, ,-1, ,
2, ,2, ,
-1, ,1, ,
0, ,1, ,
1, ,1, ,
0, ,1, ,
-1, ,-1, ,
2, ,2, ,
-1, ,1, ,
1, ,1, ,
1, ,1, ,
2, ,59, ,
-2, ,40, ,
2, ,26, ,
-1, ,17, ,
0, ,11, ,
0, ,7, ,
1, ,6, ,
-1, ,3, ,
2, ,5, ,
-1, ,3, ,
1, ,2, ,
1, ,2, ,
0, ,2, ,
-2, ,1, ,
1, ,3, ,
-1, ,2, ,
0, ,3, ,
1, ,2, ,
2, ,3, ,
-2, ,1, ,
1, ,3, ,
-1, ,2, ,
1, ,2, ,
0, ,2, ,
1, ,2, ,
-2, ,1, ,
1, ,3, ,
-1, ,2, ,
0, ,2, ,
1, ,2, ,
1, ,3, ,
-1, ,1, ,
2, ,3, ,
-1, ,2, ,
0, ,2, ,
0, ,2, ,
1, ,2, ,
-2, ,1, ,
3, ,3, ,
-1, ,2, ,
-1, ,2, ,
0, ,2, ,
1, ,3, ,
-2, ,1, ,
2, ,3, ,
-1, ,1, ,
0, ,2, ,
0, ,2, ,
1, ,2, ,
-2, ,1, ,
1, ,2, ,
-1, ,1, ,
0, ,3, ,
0, ,2, ,
1, ,3, ,
-1, ,1, ,
1, ,2, ,
-1, ,1, ,
0, ,2, ,
0, ,2, ,
0, ,3, ,
-2, ,1, ,
1, ,2, ,
-1, ,2, ,
0, ,2, ,
0, ,2, ,
0, ,3, ,
-2, ,1, ,
2, ,3, ,
-1, ,1, ,
1, ,2, ,
0, ,2, ,
0, ,3, ,
-2, ,1, ,
1, ,3, ,
-1, ,1, ,
1, ,2, ,
1, ,2, ,
0, ,2, ,
-2, ,1, ,
2, ,3, ,
-1, ,1, ,
1, ,2, ,
0, ,2, ,
1, ,2, ,
-1, ,1, ,
1, ,2, ,
-2, ,2, ,
0, ,2, ,
0, ,2, ,
1, ,2, ,
-2, ,1, ,
2, ,3, ,
-1, ,1, ,
0, ,2, ,
1, ,2, ,
0, ,3, ,
-2, ,1, ,
2, ,2, ,
-1, ,2, ,
0, ,2, ,
1, ,2, ,
2, ,2, ,
-2, ,1, ,
2, ,2, ,
-2, ,2, ,
1, ,2, ,
1, ,2, ,
1, ,2, ,
-1, ,1, ,
2, ,2, ,
-1, ,1, ,
0, ,2, ,
0, ,2, ,
1, ,2, ,
-2, ,1, ,
1, ,2, ,
-1, ,1, ,
2, ,2, ,
0, ,2, ,
1, ,2, ,
-2, ,1, ,
2, ,2, ,
-1, ,1, ,
0, ,2, ,
1, ,2, ,
1, ,2, ,
-1, ,1, ,
2, ,2, ,
-1, ,1, ,
0, ,2, ,
1, ,2, ,
1, ,2, ,
-3, ,1, ,
2, ,2, ,
-1, ,1, ,
1, ,2, ,
1, ,2, ,
1, ,2, ,
-2, ,1, ,
1, ,2, ,
-1, ,1, ,
1, ,2, ,
1, ,2, ,
2, ,2, ,
-1, ,1, ,
1, ,2, ,
-2, ,1, ,
1, ,2, ,
1, ,2, ,
1, ,2, ,
-2, ,-1, ,
1, ,2, ,
-1, ,1, ,
0, ,2, ,
0, ,2, ,
0, ,2, ,
-2, ,-1, ,
1, ,2, ,
-1, ,2, ,
1, ,2, ,
1, ,2, ,
0, ,2, ,
-2, ,1, ,
2, ,2, ,
-1, ,1, ,
0, ,1, ,
0, ,2, ,
1, ,2, ,
-1, ,1, ,
2, ,2, ,
-1, ,1, ,
0, ,2, ,
1, ,2, ,
1, ,2, ,
-2, ,1, ,
2, ,2, ,
-1, ,1, ,
1, ,2, ,
0, ,2, ,
1, ,2, ,
-2, ,1, ,
1, ,2, ,
-1, ,1, ,
-1, ,2, ,
1, ,2, ,
1, ,2, ,
-1, ,1, ,
1, ,2, ,
0, ,1, ,
1, ,1, ,
0, ,1, ,
1, ,2, ,
-2, ,1, ,
2, ,2, ,
0, ,1, ,
1, ,1, ,
1, ,2, ,
0, ,2, ,
-2, ,1, ,
2, ,2, ,
-1, ,1, ,
1, ,2, ,
1, ,1, ,
1, ,2, ,
-2, ,1, ,
1, ,2, ,
-1, ,1, ,
0, ,2, ,
-1, ,2, ,
1, ,2, ,
-1, ,1, ,
2, ,2, ,
-1, ,1, ,
0, ,2, ,
0, ,2, ,
1, ,2, ,
-2, ,-1, ,
2, ,2, ,
-1, ,1, ,
1, ,2, ,
1, ,1, ,
1, ,2, ,
-2, ,-1, ,
1, ,2, ,
-1, ,1, ,
1, ,2, ,
1, ,2, ,
1, ,2, ,
-1, ,-1, ,
2, ,2, ,
-1, ,1, ,
0, ,2, ,
1, ,1, ,
1, ,2, ,
-1, ,-1, ,
1, ,2, ,
-1, ,1, ,
1, ,2, ,
1, ,1, ,
1, ,2, ,
-2, ,-1, ,
2, ,2, ,
-1, ,1, ,
0, ,1, ,
1, ,1, ,
1, ,2, ,
-1, ,1, ,
2, ,2, ,
-1, ,1, ,
0, ,2, ,
0, ,2, ,
1, ,2, ,
-2, ,1, ,
2, ,2, ,
-1, ,1, ,
0, ,2, ,
1, ,2, ,
1, ,2, ,
-1, ,1, ,
1, ,2, ,
-1, ,1, ,
0, ,1, ,
1, ,1, ,
1, ,2, ,
-2, ,-1, ,
1, ,2, ,
-1, ,1, ,
0, ,1, ,
0, ,1, ,
2, ,2, ,
-1, ,-1, ,
1, ,2, ,
-1, ,1, ,
1, ,2, ,
0, ,1, ,
0, ,2, ,
-2, ,-1, ,
1, ,2, ,
-1, ,1, ,
0, ,2, ,
0, ,1, ,
1, ,2, ,
-2, ,-1, ,
1, ,2, ,
-1, ,1, ,
1, ,1, ,
0, ,1, ,
0, ,2, ,
-2, ,-1, ,
2, ,2, ,
-1, ,1, ,
0, ,1, ,
0, ,1, ,
0, ,1, ,
-2, ,-1, ,
1, ,2, ,
-1, ,1, ,
1, ,1, ,
0, ,1, ,
0, ,1, ,
-1, ,-1, ,
1, ,2, ,
-1, ,1, ,
0, ,2, ,
0, ,1, ,
1, ,2, ,
-2, ,-1, ,
2, ,2, ,
-1, ,1, ,
1, ,1, ,
0, ,1, ,
1, ,1, ,
-2, ,-1, ,
1, ,1, ,
-1, ,-1, ,
1, ,1, ,
0, ,1, ,
1, ,2, ,
-1, ,-1, ,
1, ,2, ,
-1, ,-1, ,
1, ,1, ,
1, ,1, ,
0, ,1, ,
-2, ,-1, ,
1, ,2, ,
-1, ,1, ,
0, ,1, ,
1, ,1, ,
0, ,2, ,
-2, ,-1, ,
2, ,2, ,
-1, ,1, ,
0, ,1, ,
0, ,2, ,
1, ,2, ,
-2, ,-1, ,
2, ,2, ,
0, ,1, ,
1, ,1, ,
0, ,1, ,
2, ,1, ,
-1, ,-1, ,
1, ,2, ,
0, ,1, ,
1, ,1, ,
0, ,1, ,
1, ,1, ,
-2, ,-1, ,
2, ,2, ,
-1, ,-1, ,
0, ,2, ,
1, ,1, ,
1, ,2, ,
-2, ,-1, ,
1, ,2, ,
-1, ,1, ,
1, ,1, ,
1, ,1, ,
2, ,2, ,
-2, ,-1, ,
1, ,1, ,
-2, ,1, ,
0, ,1, ,
1, ,1, ,
2, ,2, ,
-1, ,-1, ,
1, ,1, ,
-1, ,62, ,
1, ,41, ,
0, ,26, ,
1, ,18, ,
-1, ,10, ,
2, ,9, ,
-1, ,6, ,
1, ,5, ,
0, ,5, ,
0, ,5, ,
-2, ,2, ,
2, ,3, ,
-1, ,2, ,
0, ,2, ,
1, ,3, ,
1, ,3, ,
-1, ,1, ,
1, ,3, ,
-1, ,2, ,
